method,seed,iteration,episodes,wall_clock_s,exploitability
DeepCFR,0,1,80,0.16517004102934152,2.3771507517736667
DeepCFR,0,2,160,0.3165062499465421,2.3771507517736667
DeepCFR,0,3,240,0.4464712080080062,2.3771507517736667
DeepCFR,0,4,320,0.586969833006151,2.3771507517736667
DeepCFR,0,5,400,0.9928507909644395,3.835799765362882
DeepCFR,0,6,480,1.3851830830099061,3.8398234658633967
DeepCFR,0,7,560,1.7849302910035476,3.1527151705866427
DeepCFR,0,8,640,2.1747494579758495,3.9077431627124746
DeepCFR,0,9,720,2.5636149999918416,3.759085189329215
DeepCFR,0,10,800,2.9654240410309285,3.7820455000837687
DeepCFR,0,11,880,3.601858332986012,3.612456993891488
DeepCFR,0,12,960,4.234813041053712,3.3054570528808216
DeepCFR,0,13,1040,4.887338583008386,3.107275962659765
DeepCFR,0,14,1120,5.570613041054457,2.8872877969384696
DeepCFR,0,15,1200,6.216348499991,2.820997657111609
DeepCFR,0,16,1280,7.0834415829740465,2.9362271745861532
DeepCFR,0,17,1360,7.95571791601833,2.6253098772639825
DeepCFR,0,18,1440,8.842515125055797,2.5081773290772924
DeepCFR,0,19,1520,9.715129457996227,2.4317693830106424
DeepCFR,0,20,1600,10.593595874961466,2.2695815716557575
DeepCFR,0,21,1680,11.482146832975559,2.2283513280251928
DeepCFR,0,22,1760,12.379242000053637,2.085300248903251
DeepCFR,0,23,1840,13.283435374964029,1.9136124307936768
DeepCFR,0,24,1920,14.233879833016545,1.8207117469250842
DeepCFR,0,25,2000,15.134098291047849,1.7399707316464474
DeepCFR,0,26,2080,16.0367766659474,1.7101920301582239
DeepCFR,0,27,2160,16.945722040953115,1.5055442353373185
DeepCFR,0,28,2240,17.850941749988124,1.4253071071047319
DeepCFR,0,29,2320,18.75925704103429,1.3732405212156729
DeepCFR,0,30,2400,19.67140929098241,1.328608857170806
DeepCFR,0,31,2480,20.579747374984436,1.2722724368986391
DeepCFR,0,32,2560,21.489829665981233,1.2137479213155107
DeepCFR,0,33,2640,22.40757920802571,1.1830662966135608
DeepCFR,0,34,2720,23.38056904100813,1.107300484657352
DeepCFR,0,35,2800,24.30254658299964,1.0420074128220098
DeepCFR,0,36,2880,25.23142295796424,1.0454160483583237
DeepCFR,0,37,2960,26.1641781659564,1.037973014875099
DeepCFR,0,38,3040,27.107782540959306,0.9739978082899978
DeepCFR,0,39,3120,28.044266875018366,0.9562894457593889
DeepCFR,0,40,3200,28.980848666047677,0.902294661805955
DeepCFR,0,41,3280,29.942808625055477,0.867696211836827
DeepCFR,0,42,3360,30.891374791041017,0.8527474510018177
DeepCFR,0,43,3440,31.852695083012804,0.8633129674203607
DeepCFR,0,44,3520,32.8021856660489,0.7989902244348344
DeepCFR,0,45,3600,33.79838262498379,0.7938292150604493
DeepCFR,0,46,3680,34.76347262505442,0.8111885799458871
DeepCFR,0,47,3760,35.72065420798026,0.7687642043135035
DeepCFR,0,48,3840,36.68746754096355,0.7144769970163309
DeepCFR,0,49,3920,37.64580579102039,0.7251425078765725
DeepCFR,0,50,4000,38.61365062498953,0.7015384222294828
DeepCFR,0,51,4080,39.591190416016616,0.6524389628477184
DeepCFR,0,52,4160,40.91019679105375,0.6807673354758954
DeepCFR,0,53,4240,42.45890691597015,0.6678124105964789
DeepCFR,0,54,4320,43.441506832954474,0.6463242914725043
DeepCFR,0,55,4400,44.41778162494302,0.6398597152522323
DeepCFR,0,56,4480,45.41059408301953,0.6257279707461283
DeepCFR,0,57,4560,46.44319437502418,0.6096256190127107
DeepCFR,0,58,4640,47.42611595802009,0.6062496395156586
DeepCFR,0,59,4720,48.41444175003562,0.5865584093466873
DeepCFR,0,60,4800,49.41026425000746,0.5908341101083543
DeepCFR,0,61,4880,50.39796766603831,0.5741495211480386
DeepCFR,0,62,4960,51.414702250040136,0.5663850159549411
DeepCFR,0,63,5040,52.412930333055556,0.5718358201644207
DeepCFR,0,64,5120,53.41422233299818,0.5671264847120727
DeepCFR,0,65,5200,54.481382000027224,0.5855869710728141
DeepCFR,0,66,5280,55.49253362498712,0.5803222210772453
DeepCFR,0,67,5360,56.494320875033736,0.5703428108406836
DeepCFR,0,68,5440,57.50519616599195,0.5682229554424963
DeepCFR,0,69,5520,58.51867029105779,0.5330488649948004
DeepCFR,0,70,5600,59.543033957947046,0.5449965939612305
DeepCFR,0,71,5680,60.548499915981665,0.5649242922057554
DeepCFR,0,72,5760,61.57055166596547,0.5390293160466597
DeepCFR,0,73,5840,62.65587866597343,0.5377572851274273
DeepCFR,0,74,5920,63.716728957952,0.5434924138010084
DeepCFR,0,75,6000,64.73923845798708,0.5295631288133276
DeepCFR,0,76,6080,65.76587866595946,0.5069756444734411
DeepCFR,0,77,6160,66.79588158300612,0.5121424763561626
DeepCFR,0,78,6240,67.82191062497441,0.5011858598143222
DeepCFR,0,79,6320,68.85119341604877,0.49812533369582995
DeepCFR,0,80,6400,69.88595699996222,0.49314871394262105
NFSP,0,1500,1500,0.6119966249680147,2.172708511352539
NFSP,0,3000,3000,1.2215540839824826,2.172708511352539
NFSP,0,4500,4500,1.8352415839908645,2.172708511352539
NFSP,0,6000,6000,2.457756208954379,2.636603355407715
NFSP,0,7500,7500,3.113859875011258,3.0710136890411377
NFSP,0,9000,9000,3.793136709020473,3.013084888458252
NFSP,0,10500,10500,4.5097389169968665,2.889923572540283
NFSP,0,12000,12000,5.236306083970703,2.7275657653808594
NFSP,0,13500,13500,5.984439291991293,2.6148412227630615
NFSP,0,15000,15000,6.746695542009547,2.5700435638427734
NFSP,0,16500,16500,7.523227416910231,2.51914644241333
NFSP,0,18000,18000,8.310169958975166,2.487844944000244
NFSP,0,19500,19500,9.095953708980232,2.4585518836975098
NFSP,0,21000,21000,9.905902249971405,2.431471347808838
NFSP,0,22500,22500,10.711684874957427,2.4067304134368896
NFSP,0,24000,24000,11.519243584014475,2.3867549896240234
NFSP,0,25500,25500,12.340010666986927,2.367999792098999
NFSP,0,27000,27000,13.17579599993769,2.3529558181762695
NFSP,0,28500,28500,14.011454124934971,2.3425583839416504
NFSP,0,30000,30000,14.855036708991975,2.326934337615967
NFSP,0,31500,31500,15.705372541910037,2.3169541358947754
NFSP,0,33000,33000,16.561173166963272,2.301821231842041
NFSP,0,34500,34500,17.401733708917163,2.2883236408233643
NFSP,0,36000,36000,18.24540737492498,2.280275583267212
NFSP,0,37500,37500,19.092145083937794,2.2701802253723145
NFSP,0,39000,39000,19.94334858399816,2.259572744369507
NFSP,0,40500,40500,20.79997895890847,2.2539546489715576
NFSP,0,42000,42000,21.664908792008646,2.2397894859313965
NFSP,0,43500,43500,22.52003529202193,2.235616683959961
NFSP,0,45000,45000,23.388908416964114,2.2332241535186768
NFSP,0,46500,46500,24.265815209015273,2.2281222343444824
NFSP,0,48000,48000,25.147330624982715,2.2202506065368652
NFSP,0,49500,49500,26.028640124946833,2.217548131942749
NFSP,0,51000,51000,26.898170916945674,2.2140746116638184
NFSP,0,52500,52500,27.80262491700705,2.2059988975524902
NFSP,0,54000,54000,28.70392758399248,2.201554298400879
NFSP,0,55500,55500,29.60668149997946,2.191472291946411
NFSP,0,57000,57000,30.51534216699656,2.1873981952667236
NFSP,0,58500,58500,31.415345166926272,2.174920082092285
NFSP,0,60000,60000,32.33748833392747,2.1713333129882812
NFSP,0,61500,61500,33.255026416969486,2.166142702102661
NFSP,0,63000,63000,34.1857326249592,2.1573381423950195
NFSP,0,64500,64500,35.093616666970775,2.1484813690185547
NFSP,0,66000,66000,36.01781420898624,2.1396114826202393
NFSP,0,67500,67500,36.94423766701948,2.1391615867614746
NFSP,0,69000,69000,37.85675362497568,2.1317062377929688
NFSP,0,70500,70500,38.782263792003505,2.118305206298828
NFSP,0,72000,72000,39.700612999964505,2.103699207305908
NFSP,0,73500,73500,40.61926504201256,2.0934932231903076
NFSP,0,75000,75000,41.54160791693721,2.0872535705566406
NFSP,0,76500,76500,42.484223041916266,2.0842883586883545
NFSP,0,78000,78000,43.47353124991059,2.0856871604919434
NFSP,0,79500,79500,44.422272333991714,2.075275182723999
NFSP,0,81000,81000,45.39570124994498,2.0675735473632812
NFSP,0,82500,82500,46.364177458919585,2.060868501663208
NFSP,0,84000,84000,47.3122189999558,2.054291248321533
NFSP,0,85500,85500,48.27504074992612,2.0476064682006836
NFSP,0,87000,87000,49.25217624998186,2.0353217124938965
NFSP,0,88500,88500,50.227170458994806,2.033440589904785
NFSP,0,90000,90000,51.19212620891631,2.0288567543029785
NFSP,0,91500,91500,52.16037670895457,2.01672625541687
NFSP,0,93000,93000,53.12725654197857,2.0100629329681396
NFSP,0,94500,94500,54.10434241697658,2.0054750442504883
NFSP,0,96000,96000,55.09700558392797,1.9981120824813843
NFSP,0,97500,97500,56.07863595895469,1.9957557916641235
NFSP,0,99000,99000,57.086749958922155,1.989394187927246
NFSP,0,100500,100500,58.077273792005144,1.9716320037841797
NFSP,0,102000,102000,59.04905774991494,1.9756264686584473
NFSP,0,103500,103500,60.03685274999589,1.9629827737808228
NFSP,0,105000,105000,61.0208393339999,1.969600796699524
NFSP,0,106500,106500,62.015067250002176,1.9473005533218384
NFSP,0,108000,108000,63.010894916951656,1.9351351261138916
NFSP,0,109500,109500,64.00314508401789,1.9421836137771606
NFSP,0,111000,111000,64.99894187494647,1.931335210800171
NFSP,0,112500,112500,65.99218424991705,1.9283835887908936
NFSP,0,114000,114000,66.98023324995302,1.929834246635437
NFSP,0,115500,115500,67.99174674996175,1.9256014823913574
NFSP,0,117000,117000,68.9953568339115,1.9191094636917114
NFSP,0,118500,118500,69.98935299995355,1.913240909576416
NFSP,0,120000,120000,70.9941381670069,1.9052599668502808
NFSP,0,121500,121500,71.9871747919824,1.8952425718307495
NFSP,0,123000,123000,72.98806591692846,1.8915789127349854
NFSP,0,124500,124500,74.0102214999497,1.877318024635315
NFSP,0,126000,126000,75.02779566694517,1.8855398893356323
NFSP,0,127500,127500,76.0764519169461,1.8749120235443115
NFSP,0,129000,129000,77.10735649999697,1.871373176574707
NFSP,0,130500,130500,78.12595533393323,1.8661502599716187
NFSP,0,132000,132000,79.1873695839895,1.878448247909546
NFSP,0,133500,133500,80.23766954196617,1.861025333404541
NFSP,0,135000,135000,81.26735470897984,1.846695899963379
NFSP,0,136500,136500,82.29117129195947,1.8347737789154053
NFSP,0,138000,138000,83.33398499991745,1.8372176885604858
NFSP,0,139500,139500,84.4134552499745,1.8385239839553833
NFSP,0,141000,141000,85.4633467089152,1.8349040746688843
NFSP,0,142500,142500,86.52048624993768,1.8230022192001343
NFSP,0,144000,144000,87.5708573339507,1.8207223415374756
NFSP,0,145500,145500,88.60562095895875,1.822586178779602
NFSP,0,147000,147000,89.66213608393446,1.802381157875061
NFSP,0,148500,148500,90.72528454195708,1.7950485944747925
NFSP,0,150000,150000,91.78052924992517,1.7930324077606201
RMPG,0,1500,1500,0.6344227500958368,2.443642669864521
RMPG,0,3000,3000,1.2814036250347272,2.5880376527180764
RMPG,0,4500,4500,1.9312118750531226,2.426921776621093
RMPG,0,6000,6000,2.6191072500078008,2.2189829809581587
RMPG,0,7500,7500,3.294219916104339,1.9998098112802518
RMPG,0,9000,9000,3.952273250091821,1.9841749211907695
RMPG,0,10500,10500,4.602202708018012,1.889395010387817
RMPG,0,12000,12000,5.250041041057557,1.8438317120503278
RMPG,0,13500,13500,5.902232250082307,1.7397360121821777
RMPG,0,15000,15000,6.552867000107653,1.8911112298238546
RMPG,0,16500,16500,7.1950001660734415,1.6306342459067955
RMPG,0,18000,18000,7.841033875010908,1.835174199031286
RMPG,0,19500,19500,8.491919000050984,1.7218105758800402
RMPG,0,21000,21000,9.145607583108358,1.683512853926234
RMPG,0,22500,22500,9.79290070803836,1.6741134585419437
RMPG,0,24000,24000,10.446505291038193,1.5074966479925616
RMPG,0,25500,25500,11.103296250104904,1.584574320265665
RMPG,0,27000,27000,11.776937625021674,1.7604949204654716
RMPG,0,28500,28500,12.467056458001025,1.6302227799982902
RMPG,0,30000,30000,13.13387491600588,1.3913209582067667
RMPG,0,31500,31500,13.800858000060543,1.5514533469820648
RMPG,0,33000,33000,14.504321625106968,1.3864977263246656
RMPG,0,34500,34500,15.213722875108942,1.6412004892583811
RMPG,0,36000,36000,15.899988708086312,1.7534273284190802
RMPG,0,37500,37500,16.575635375105776,1.6086251336220396
RMPG,0,39000,39000,17.27488379110582,1.6812249285403842
RMPG,0,40500,40500,17.956788333016448,1.5315953927206405
RMPG,0,42000,42000,18.629366375040263,1.2582145582673228
RMPG,0,43500,43500,19.298613416031003,1.3207863552352137
RMPG,0,45000,45000,19.972889791009948,1.3421753980063231
RMPG,0,46500,46500,20.65071316610556,1.4068939188957725
RMPG,0,48000,48000,21.318794750026427,1.211403030284278
RMPG,0,49500,49500,21.9865058750147,1.6089468273580858
RMPG,0,51000,51000,22.654919625027105,1.215094341455952
RMPG,0,52500,52500,23.317188666085713,1.0818568536369493
RMPG,0,54000,54000,23.981818166095763,1.0731125104143653
RMPG,0,55500,55500,24.646775833098218,1.058538463323968
RMPG,0,57000,57000,25.317777791060507,1.128765196655995
RMPG,0,58500,58500,25.987816000008024,1.1330614217772472
RMPG,0,60000,60000,26.67774337506853,1.0417233846797027
RMPG,0,61500,61500,27.351357000065036,1.0117782591552549
RMPG,0,63000,63000,28.022644916083664,0.9778596830644741
RMPG,0,64500,64500,28.699929875088856,1.1265922650231306
RMPG,0,66000,66000,29.375630374997854,0.8958184603825943
RMPG,0,67500,67500,30.054452750016935,0.9014177662385056
RMPG,0,69000,69000,30.72828795807436,0.8494298139164475
RMPG,0,70500,70500,31.42059183306992,0.8810827404517558
RMPG,0,72000,72000,32.101363708032295,0.9807332406693252
RMPG,0,73500,73500,32.787976625026204,0.8678281904893776
RMPG,0,75000,75000,33.45563470805064,0.8614389994553171
RMPG,0,76500,76500,34.12234487500973,0.777151807879915
RMPG,0,78000,78000,34.784971875022165,0.9146929816632541
RMPG,0,79500,79500,35.46440383302979,1.0672635827006296
RMPG,0,81000,81000,36.143280083080754,0.8797616896546678
RMPG,0,82500,82500,36.82619141601026,0.9745925726072328
RMPG,0,84000,84000,37.50729591608979,1.139457042857583
RMPG,0,85500,85500,38.18271987501066,0.8582244794665066
RMPG,0,87000,87000,38.859622583026066,0.9354440990865955
RMPG,0,88500,88500,39.53546287503559,1.0078897679869914
RMPG,0,90000,90000,40.23565379111096,1.0128943283689578
RMPG,0,91500,91500,40.928698875010014,0.9290929144085167
RMPG,0,93000,93000,41.616675916011445,0.8405890449410327
RMPG,0,94500,94500,42.29558595805429,0.7932532280598307
RMPG,0,96000,96000,42.97334470809437,0.8481557665097519
RMPG,0,97500,97500,43.652579500107095,0.8334881359311676
RMPG,0,99000,99000,44.32920087501407,0.9822724653633368
RMPG,0,100500,100500,45.012846958008595,0.9182931500743932
RMPG,0,102000,102000,45.695285041001625,0.9212349583906673
RMPG,0,103500,103500,46.377292875084095,0.9516685931047615
RMPG,0,105000,105000,47.05508445808664,0.8941151110276941
RMPG,0,106500,106500,47.743434875039384,0.9165359111357706
RMPG,0,108000,108000,48.43108975002542,0.8844498106544798
RMPG,0,109500,109500,49.112802500021644,0.9428493544717778
RMPG,0,111000,111000,49.794573291088454,1.0461831863845512
RMPG,0,112500,112500,50.47596137505025,0.8415013121418946
RMPG,0,114000,114000,51.16477641602978,0.8789874950225409
RMPG,0,115500,115500,51.842358875088394,0.8341820980532506
RMPG,0,117000,117000,52.52039933309425,0.8136942283164317
RMPG,0,118500,118500,53.20473033306189,0.7274140606669851
RMPG,0,120000,120000,53.88039916602429,0.7999394339104076
RMPG,0,121500,121500,54.555283625028096,0.8169651778520102
RMPG,0,123000,123000,55.24517170805484,1.0944644146521885
RMPG,0,124500,124500,55.92334908305202,1.2118336368987612
RMPG,0,126000,126000,56.608954708091915,1.3220683658907024
RMPG,0,127500,127500,57.297770916018635,1.6327360064098846
RMPG,0,129000,129000,57.99456991604529,1.6117633320253304
RMPG,0,130500,130500,58.6718890001066,1.363768342101059
RMPG,0,132000,132000,59.35352050000802,1.46126720227956
RMPG,0,133500,133500,60.036431208020076,1.213790902434997
RMPG,0,135000,135000,60.73288625001442,1.1482838923065035
RMPG,0,136500,136500,61.41542566602584,1.0769809656578304
RMPG,0,138000,138000,62.10480383306276,0.9060566323523769
RMPG,0,139500,139500,62.8027897500433,0.8512584481393101
RMPG,0,141000,141000,63.483955916017294,0.8051352850415268
RMPG,0,142500,142500,64.19445958302822,0.902785703722395
RMPG,0,144000,144000,64.90800879104063,0.8821293122871676
RMPG,0,145500,145500,65.6136162080802,0.7804757593072118
RMPG,0,147000,147000,66.29159020807128,0.7490651866067766
RMPG,0,148500,148500,66.97009012510534,0.8528396861286207
RMPG,0,150000,150000,67.64747466600966,0.9690903278415467
PPO,0,1,128,0.7196870000334457,2.3317256982703576
PPO,0,9,1152,1.6325277501018718,2.160564604165074
PPO,0,17,2176,2.523561916081235,2.0519921974465403
PPO,0,25,3200,3.4077591251116246,2.2129411332530933
PPO,0,33,4224,4.293963708099909,2.2995340562172295
PPO,0,41,5248,5.1756359580904245,2.305344000440808
PPO,0,49,6272,6.058875000104308,2.2914261098978357
PPO,0,57,7296,6.941081333090551,2.330376177223613
PPO,0,65,8320,7.826750833075494,2.334126763661751
PPO,0,73,9344,8.720546458032914,2.3681088063142264
PPO,0,81,10368,9.61080587503966,2.3681648005724956
PPO,0,89,11392,10.511250791023485,2.3577943857258674
PPO,0,97,12416,11.402988916030154,2.339225412806519
PPO,0,105,13440,12.302301791030914,2.3316971943921136
PPO,0,113,14464,13.201749416068196,2.275970211923654
PPO,0,121,15488,14.093777541071177,2.236892666745068
PPO,0,129,16512,14.985507541103289,2.2969942129439023
PPO,0,137,17536,15.87169175001327,2.2276902862381887
PPO,0,145,18560,16.76846362510696,2.3044633155784577
PPO,0,153,19584,17.65650004101917,2.1991597086523598
PPO,0,161,20608,18.540409375098534,2.039657884026167
PPO,0,169,21632,19.42747091606725,1.9307180603957135
PPO,0,177,22656,20.305015625082888,1.5995465981294743
PPO,0,185,23680,21.184871125034988,1.5900431510582003
PPO,0,193,24704,22.057912291027606,1.4154504382604483
PPO,0,201,25728,22.93107275001239,1.3077633356952445
PPO,0,209,26752,23.803068291046657,1.288103623637107
PPO,0,217,27776,24.707179457996972,1.3517865616531082
PPO,0,225,28800,25.658474583062343,1.1671776825973015
PPO,0,233,29824,26.533465665997937,1.2010240498179379
PPO,0,241,30848,27.396523875067942,1.1545359444461645
PPO,0,249,31872,28.26723966607824,1.1582623840426525
PPO,0,257,32896,29.140345708001405,1.159471885219253
PPO,0,265,33920,30.012861250084825,1.1186695466570278
PPO,0,273,34944,30.891185166081414,1.1735754792654813
PPO,0,281,35968,31.76677875011228,1.1916058363661222
PPO,0,289,36992,32.64447866601404,1.3012849366463133
PPO,0,297,38016,33.524449457996525,1.3662407582026446
PPO,0,305,39040,34.41828125005122,1.3777065935433723
PPO,0,313,40064,35.288438041112386,1.4107303058921277
PPO,0,321,41088,36.15231000003405,1.3659288701892573
PPO,0,329,42112,37.02001562505029,1.3786303933401767
PPO,0,337,43136,37.8897161250934,1.4364434905602086
PPO,0,345,44160,38.75514683302026,1.421418927946957
PPO,0,353,45184,39.62059200007934,1.3675075771774368
PPO,0,361,46208,40.49039070808794,1.3936974673933542
PPO,0,369,47232,41.36735350009985,1.4187921637454546
PPO,0,377,48256,42.248608875088394,1.390142304711681
PPO,0,385,49280,43.12915483303368,1.3870289789688766
PPO,0,393,50304,44.00117112509906,1.3882405453569244
PPO,0,401,51328,44.872873791027814,1.4117810099126489
PPO,0,409,52352,45.7414791660849,1.4065118100385898
PPO,0,417,53376,46.6112744580023,1.408468014197619
PPO,0,425,54400,47.47985712508671,1.4152186051025497
PPO,0,433,55424,48.34976920799818,1.4378169382638584
PPO,0,441,56448,49.23529033304658,1.4405573322367888
PPO,0,449,57472,50.15164354105946,1.434669029054028
PPO,0,457,58496,51.04127258306835,1.4287042524894145
PPO,0,465,59520,51.931663541006856,1.4269572356107334
PPO,0,473,60544,52.799133541062474,1.445880280179595
PPO,0,481,61568,53.69804670801386,1.4707043089876564
PPO,0,489,62592,54.62104066601023,1.4781042363834969
PPO,0,497,63616,55.49263108300511,1.485693927809824
PPO,0,505,64640,56.35828987509012,1.5113096320057746
PPO,0,513,65664,57.22506625007372,1.4580489333187958
PPO,0,521,66688,58.092198416008614,1.4464973075365437
PPO,0,529,67712,58.95544733304996,1.4398579421608428
PPO,0,537,68736,59.868852791027166,1.4669504016855455
PPO,0,545,69760,60.78863554110285,1.477622423132809
PPO,0,553,70784,61.70492308307439,1.467721394777505
PPO,0,561,71808,62.59588366607204,1.469808818264669
PPO,0,569,72832,63.46206262509804,1.4615211179391556
PPO,0,577,73856,64.34378554101568,1.4574217335478292
PPO,0,585,74880,65.2229987080209,1.454267809704
PPO,0,593,75904,66.11035500001162,1.4852945319214816
PPO,0,601,76928,66.99162820808124,1.4767560410101113
PPO,0,609,77952,67.8888041661121,1.4234755371724161
PPO,0,617,78976,68.78371266601607,1.3933368535891026
PPO,0,625,80000,69.68147104105446,1.4149277996154508
PPO,0,633,81024,70.57741712511051,1.3813156879539972
PPO,0,641,82048,71.472661833046,1.4188859888246064
PPO,0,649,83072,72.36466283304617,1.4534343311694613
PPO,0,657,84096,73.25581379106734,1.501157882073512
PPO,0,665,85120,74.15973891608883,1.522808256603847
PPO,0,673,86144,75.05337158311158,1.4489844485499919
PPO,0,681,87168,75.9506011250196,1.4351821443383117
PPO,0,689,88192,76.83828979101963,1.4360896148365128
PPO,0,697,89216,77.72307741607074,1.4725964775819227
PPO,0,705,90240,78.59902154107112,1.4748796644073543
PPO,0,713,91264,79.487956958008,1.4798071136808744
PPO,0,721,92288,80.33999041607603,1.472422091230894
PPO,0,729,93312,81.2008957080543,1.4719176695299847
PPO,0,737,94336,82.06983600009698,1.44631687806455
PPO,0,745,95360,82.94466462510172,1.4515957711347633
PPO,0,753,96384,83.82131208304781,1.4488523328459284
PPO,0,761,97408,84.68135275004897,1.4232957180088888
PPO,0,769,98432,85.54053441609722,1.4443030479899432
PPO,0,777,99456,86.40120625006966,1.4415304079969924
PPO,0,785,100480,87.2741234160494,1.3958313992683464
PPO,0,793,101504,88.14204604108818,1.4176486608563403
PPO,0,801,102528,89.00424095802009,1.3565351691866874
PPO,0,809,103552,89.87027783307713,1.3424695361988621
PPO,0,817,104576,90.75138083309866,1.1681673256946525
PPO,0,825,105600,91.62708400003612,1.18194709527216
PPO,0,833,106624,92.5479500410147,1.1300201813570254
PPO,0,841,107648,93.45865641604178,1.11009227256898
PPO,0,849,108672,94.33381966606248,1.1234605215465443
PPO,0,857,109696,95.23111425002571,1.1418925203334076
PPO,0,865,110720,96.13998979108874,1.123541677630684
PPO,0,873,111744,97.04636770801153,1.0511724555613
PPO,0,881,112768,97.94938445801381,1.034367305282081
PPO,0,889,113792,98.8646742500132,1.0141785795744926
PPO,0,897,114816,99.78235412505455,1.1175713110536019
PPO,0,905,115840,100.69449500006158,1.1365908903160227
PPO,0,913,116864,101.59902954101562,1.1779704869638503
PPO,0,921,117888,102.51278200000525,1.1323813480943357
PPO,0,929,118912,103.42450466600712,1.079847141017179
PPO,0,937,119936,104.3199927500682,1.0961700214815142
DeepCFR,1,1,80,0.13834741595201194,2.9875398313717914
DeepCFR,1,2,160,0.28021041594911367,2.9875398313717914
DeepCFR,1,3,240,0.42391262494493276,2.9875398313717914
DeepCFR,1,4,320,0.5687496659811586,2.9875398313717914
DeepCFR,1,5,400,0.9570230829995126,2.266519021438161
DeepCFR,1,6,480,1.4090790000045672,2.6796712464638732
DeepCFR,1,7,560,1.8661120829638094,2.59462597073133
DeepCFR,1,8,640,2.3693258749553934,2.5741545445954435
DeepCFR,1,9,720,2.836925333016552,2.283072663289958
DeepCFR,1,10,800,3.593811457976699,2.334641990965799
DeepCFR,1,11,880,4.329347915947437,2.1122753751178838
DeepCFR,1,12,960,5.062793583027087,2.119903671960988
DeepCFR,1,13,1040,5.799511832999997,1.9970898489820212
DeepCFR,1,14,1120,6.540303166024387,1.8589795306799233
DeepCFR,1,15,1200,7.2752858330495656,1.9514593209231352
DeepCFR,1,16,1280,8.038227624958381,2.1057841109710527
DeepCFR,1,17,1360,9.05810174997896,2.058043915950961
DeepCFR,1,18,1440,10.064457749947906,1.9405102417954874
DeepCFR,1,19,1520,11.086987082962878,1.8882264203684291
DeepCFR,1,20,1600,12.106059915968217,1.7998698399382547
DeepCFR,1,21,1680,13.11921675002668,1.7962886098526818
DeepCFR,1,22,1760,14.132481332984753,1.6431653565057416
DeepCFR,1,23,1840,15.15362316602841,1.5629503076100884
DeepCFR,1,24,1920,16.17865479097236,1.5245214896109323
DeepCFR,1,25,2000,17.201405665953644,1.4158317033476415
DeepCFR,1,26,2080,18.229719707975164,1.379104570910679
DeepCFR,1,27,2160,19.257845125044696,1.2884367882047583
DeepCFR,1,28,2240,20.279033040977083,1.233290997548251
DeepCFR,1,29,2320,21.313071207958274,1.2092254705862597
DeepCFR,1,30,2400,22.343644583015703,1.1537623702421227
DeepCFR,1,31,2480,23.374040749971755,1.114020722818724
DeepCFR,1,32,2560,24.409668665961362,1.0878029597215788
DeepCFR,1,33,2640,25.450068125035614,1.0788052328283382
DeepCFR,1,34,2720,26.500074250041507,1.0262669452688904
DeepCFR,1,35,2800,27.544361041043885,1.0307580400001797
DeepCFR,1,36,2880,28.59192333300598,0.9728729622579039
DeepCFR,1,37,2960,29.648335583042353,0.9664244904253372
DeepCFR,1,38,3040,30.698976624989882,0.9164327369308842
DeepCFR,1,39,3120,31.76074483303819,0.9203139193339523
DeepCFR,1,40,3200,32.82009845797438,0.8860316780946169
DeepCFR,1,41,3280,33.8875062080333,0.8807824362297261
DeepCFR,1,42,3360,34.95606666605454,0.8431851424713159
DeepCFR,1,43,3440,36.02640162501484,0.794210741751867
DeepCFR,1,44,3520,37.10147866595071,0.8187292364358898
DeepCFR,1,45,3600,38.18459120800253,0.805724605585082
DeepCFR,1,46,3680,39.31538475002162,0.7770262988690058
DeepCFR,1,47,3760,40.460791416000575,0.7104972722637266
DeepCFR,1,48,3840,41.56452266604174,0.7264547543058854
DeepCFR,1,49,3920,42.6421178750461,0.7324633503104067
DeepCFR,1,50,4000,43.73519212496467,0.7205094178602844
DeepCFR,1,51,4080,44.833436832996085,0.6695405426240426
DeepCFR,1,52,4160,45.944671166012995,0.6923980630991741
DeepCFR,1,53,4240,47.0499490830116,0.6544813576147471
DeepCFR,1,54,4320,48.142674915958196,0.6332981441906198
DeepCFR,1,55,4400,49.27996041602455,0.6548457927327999
DeepCFR,1,56,4480,50.419207499944605,0.6035370535563149
DeepCFR,1,57,4560,51.64005533303134,0.5957105151593522
DeepCFR,1,58,4640,52.777253375039436,0.6112084638883738
DeepCFR,1,59,4720,53.86949229100719,0.5876542152927848
DeepCFR,1,60,4800,54.98572358302772,0.5713529211977268
DeepCFR,1,61,4880,56.13510979095008,0.5857025275050398
DeepCFR,1,62,4960,57.242233332945034,0.5581791309075113
DeepCFR,1,63,5040,58.32753737503663,0.5369912017254934
DeepCFR,1,64,5120,59.41705208295025,0.5356080388176706
DeepCFR,1,65,5200,60.50714512495324,0.5101964814518605
DeepCFR,1,66,5280,61.60580825002398,0.5355506731310079
DeepCFR,1,67,5360,62.70702512504067,0.5128059481676861
DeepCFR,1,68,5440,63.810066999983974,0.5159992869900266
DeepCFR,1,69,5520,64.92150162498001,0.4976188160234517
DeepCFR,1,70,5600,66.03895349998493,0.4953684297816768
DeepCFR,1,71,5680,67.1456875409931,0.4813881755049892
DeepCFR,1,72,5760,68.25941929104738,0.46977997908608976
DeepCFR,1,73,5840,69.371908082976,0.4631037869903137
DeepCFR,1,74,5920,70.48482162505388,0.45935915608655986
DeepCFR,1,75,6000,71.60927408304997,0.4560591734897833
DeepCFR,1,76,6080,72.72078783297911,0.4492351260858719
DeepCFR,1,77,6160,73.8265581659507,0.4567077068830276
DeepCFR,1,78,6240,74.93480387504678,0.43782990879861117
DeepCFR,1,79,6320,76.045501583023,0.4409887474352723
DeepCFR,1,80,6400,77.15256824996322,0.44667118093082064
NFSP,1,1500,1500,0.6674599170219153,2.2701573371887207
NFSP,1,3000,3000,1.3144035839941353,2.2701573371887207
NFSP,1,4500,4500,1.961886459030211,2.3940541744232178
NFSP,1,6000,6000,2.6119027090026066,2.735261917114258
NFSP,1,7500,7500,3.2969949590042233,3.1443896293640137
NFSP,1,9000,9000,4.0211271670414135,3.0943222045898438
NFSP,1,10500,10500,4.787770209019072,2.9880423545837402
NFSP,1,12000,12000,5.567382292007096,2.8499138355255127
NFSP,1,13500,13500,6.3616974169854075,2.7031357288360596
NFSP,1,15000,15000,7.167905959067866,2.6082262992858887
NFSP,1,16500,16500,7.9779524999903515,2.5745725631713867
NFSP,1,18000,18000,8.810782750020735,2.5577774047851562
NFSP,1,19500,19500,9.64465170900803,2.542231798171997
NFSP,1,21000,21000,10.485484667005949,2.5117154121398926
NFSP,1,22500,22500,11.3321050000377,2.4792428016662598
NFSP,1,24000,24000,12.184817583998665,2.459031105041504
NFSP,1,25500,25500,13.050332459039055,2.4324026107788086
NFSP,1,27000,27000,13.917836417094804,2.4102907180786133
NFSP,1,28500,28500,14.791817250079475,2.390045166015625
NFSP,1,30000,30000,15.674613084062003,2.371297836303711
NFSP,1,31500,31500,16.56061008409597,2.346500873565674
NFSP,1,33000,33000,17.444297084002756,2.328876256942749
NFSP,1,34500,34500,18.32304899999872,2.312666416168213
NFSP,1,36000,36000,19.210157459019683,2.297865390777588
NFSP,1,37500,37500,20.092442249995656,2.2756452560424805
NFSP,1,39000,39000,20.974607834010385,2.258683204650879
NFSP,1,40500,40500,21.861145792063326,2.2501773834228516
NFSP,1,42000,42000,22.761198583990335,2.243231773376465
NFSP,1,43500,43500,23.668345791986212,2.235004425048828
NFSP,1,45000,45000,24.583707417012192,2.225587844848633
NFSP,1,46500,46500,25.49444554198999,2.21427583694458
NFSP,1,48000,48000,26.454539667000063,2.2122583389282227
NFSP,1,49500,49500,27.453624792047776,2.2049953937530518
NFSP,1,51000,51000,28.485454250010662,2.1991126537323
NFSP,1,52500,52500,29.553378167096525,2.1972389221191406
NFSP,1,54000,54000,30.57550879206974,2.1913111209869385
NFSP,1,55500,55500,31.64062375004869,2.186656951904297
NFSP,1,57000,57000,32.75347250001505,2.1844065189361572
NFSP,1,58500,58500,34.07748824998271,2.178995132446289
NFSP,1,60000,60000,35.324565000017174,2.1746792793273926
NFSP,1,61500,61500,36.896828500088304,2.170816421508789
NFSP,1,63000,63000,38.13061129208654,2.1611766815185547
NFSP,1,64500,64500,39.17655933403876,2.155841588973999
NFSP,1,66000,66000,40.172995959059335,2.1581008434295654
NFSP,1,67500,67500,41.18051637499593,2.1473097801208496
NFSP,1,69000,69000,42.17284195905086,2.1414875984191895
NFSP,1,70500,70500,43.15609975007828,2.1278743743896484
NFSP,1,72000,72000,44.1303395840805,2.125504970550537
NFSP,1,73500,73500,45.27291679207701,2.11746883392334
NFSP,1,75000,75000,46.29274837509729,2.116614818572998
NFSP,1,76500,76500,47.24598916701507,2.109604597091675
NFSP,1,78000,78000,48.201592834084295,2.093639373779297
NFSP,1,79500,79500,49.15471204207279,2.0993480682373047
NFSP,1,81000,81000,50.10234687500633,2.0841588973999023
NFSP,1,82500,82500,51.074020709027536,2.089843273162842
NFSP,1,84000,84000,52.03781370900106,2.080676555633545
NFSP,1,85500,85500,53.00427912501618,2.067619800567627
NFSP,1,87000,87000,53.96490241703577,2.0634171962738037
NFSP,1,88500,88500,54.933228000067174,2.0473744869232178
NFSP,1,90000,90000,55.89024562505074,2.042853832244873
NFSP,1,91500,91500,56.84988674998749,2.0396790504455566
NFSP,1,93000,93000,57.80657175008673,2.023613929748535
NFSP,1,94500,94500,58.75424329203088,2.0095322132110596
NFSP,1,96000,96000,59.712479584035464,2.0070531368255615
NFSP,1,97500,97500,60.668704624986276,1.9965964555740356
NFSP,1,99000,99000,61.6146002500318,1.9856178760528564
NFSP,1,100500,100500,62.57417529204395,1.9715408086776733
NFSP,1,102000,102000,63.53376575000584,1.954729437828064
NFSP,1,103500,103500,64.47944612498395,1.9553563594818115
NFSP,1,105000,105000,65.43786266702227,1.9655718803405762
NFSP,1,106500,106500,66.38712787500117,1.9589563608169556
NFSP,1,108000,108000,67.33931245899294,1.9550540447235107
NFSP,1,109500,109500,68.29466891707852,1.9440217018127441
NFSP,1,111000,111000,69.25356329209171,1.9329352378845215
NFSP,1,112500,112500,70.2053697090596,1.929187297821045
NFSP,1,114000,114000,71.15904312499333,1.9229354858398438
NFSP,1,115500,115500,72.10492925008293,1.900128960609436
NFSP,1,117000,117000,73.065955667058,1.8974335193634033
NFSP,1,118500,118500,74.02900370908901,1.8858808279037476
NFSP,1,120000,120000,74.97879729198758,1.8919165134429932
NFSP,1,121500,121500,75.92148075008299,1.8913683891296387
NFSP,1,123000,123000,76.85772062500473,1.8898111581802368
NFSP,1,124500,124500,77.80125129199587,1.8739283084869385
NFSP,1,126000,126000,78.74898970907088,1.879900336265564
NFSP,1,127500,127500,79.6973650000291,1.8773777484893799
NFSP,1,129000,129000,80.65265891700983,1.857269287109375
NFSP,1,130500,130500,81.60161925002467,1.8645110130310059
NFSP,1,132000,132000,82.5555990000721,1.861764669418335
NFSP,1,133500,133500,83.5073235000018,1.8431334495544434
NFSP,1,135000,135000,84.4632826250745,1.838869333267212
NFSP,1,136500,136500,85.42556804209016,1.8319687843322754
NFSP,1,138000,138000,86.37395066709723,1.8346331119537354
NFSP,1,139500,139500,87.33663091703784,1.8378634452819824
NFSP,1,141000,141000,88.29434154205956,1.8274989128112793
NFSP,1,142500,142500,89.26206770900171,1.8429374694824219
NFSP,1,144000,144000,90.22047775005922,1.8223161697387695
NFSP,1,145500,145500,91.17807087500114,1.810948133468628
NFSP,1,147000,147000,92.13567700004205,1.803053855895996
NFSP,1,148500,148500,93.09430845908355,1.7960903644561768
NFSP,1,150000,150000,94.05206804198679,1.7902030944824219
RMPG,1,1500,1500,0.5787273750174791,2.7860225214767484
RMPG,1,3000,3000,1.1624637499917299,2.157865099701297
RMPG,1,4500,4500,1.7477782079949975,2.0334473346998694
RMPG,1,6000,6000,2.327857624972239,1.988686340351666
RMPG,1,7500,7500,2.91560525004752,1.9784283941898533
RMPG,1,9000,9000,3.497933665988967,1.8536586684417937
RMPG,1,10500,10500,4.080833540996537,1.8432792477317
RMPG,1,12000,12000,4.67074362502899,1.8584797439729823
RMPG,1,13500,13500,5.2610252080485225,1.7394094320163438
RMPG,1,15000,15000,5.854090707958676,1.6595664186878807
RMPG,1,16500,16500,6.451077666017227,1.977697481725106
RMPG,1,18000,18000,7.04317662504036,1.6325313777235748
RMPG,1,19500,19500,7.641206750064157,1.7511520951757582
RMPG,1,21000,21000,8.236958374967799,1.6204863030254935
RMPG,1,22500,22500,8.832582875038497,1.6442713815835384
RMPG,1,24000,24000,9.428496583015658,1.64137641204224
RMPG,1,25500,25500,10.016442416002974,1.5361041073703179
RMPG,1,27000,27000,10.609755999990739,1.547613285344509
RMPG,1,28500,28500,11.201638165977784,1.5938791901300353
RMPG,1,30000,30000,11.789693832979538,1.5107681912795954
RMPG,1,31500,31500,12.3799181249924,1.6981235743178393
RMPG,1,33000,33000,12.975640875054523,1.5228793359080415
RMPG,1,34500,34500,13.570324250031263,1.5001323536726843
RMPG,1,36000,36000,14.165202916017734,1.6174050727642757
RMPG,1,37500,37500,14.766011583036743,1.308112911985055
RMPG,1,39000,39000,15.3615286659915,1.5391545322905806
RMPG,1,40500,40500,15.964257000014186,1.5556083948370727
RMPG,1,42000,42000,16.57720058306586,1.3277681121343516
RMPG,1,43500,43500,17.18314687500242,1.4519930470829303
RMPG,1,45000,45000,17.79222308297176,1.401765422921581
RMPG,1,46500,46500,18.392309625050984,1.291310043652017
RMPG,1,48000,48000,18.993459541001357,1.3288362689258957
RMPG,1,49500,49500,19.589942916063592,1.218045665616843
RMPG,1,51000,51000,20.18431441602297,1.3184884202392215
RMPG,1,52500,52500,20.781872708001174,1.1483640364141054
RMPG,1,54000,54000,21.390840250067413,1.1030195507240976
RMPG,1,55500,55500,21.99102800001856,1.1893170650469151
RMPG,1,57000,57000,22.607216708012857,1.1825545702373448
RMPG,1,58500,58500,23.219143916037865,1.1414734907088755
RMPG,1,60000,60000,23.823740208055824,1.146136512128553
RMPG,1,61500,61500,24.424104916048236,1.1730707015414799
RMPG,1,63000,63000,25.034499416011386,1.135570933643904
RMPG,1,64500,64500,25.646872207988054,1.2003596438933388
RMPG,1,66000,66000,26.255290874978527,1.100422467646987
RMPG,1,67500,67500,26.852562832995318,1.0614210602713885
RMPG,1,69000,69000,27.454462958034128,1.0845778274373687
RMPG,1,70500,70500,28.06389087496791,1.1484348798596544
RMPG,1,72000,72000,28.666295333066955,1.1413068498949404
RMPG,1,73500,73500,29.272828874993138,1.1184650660444722
RMPG,1,75000,75000,29.882342915982008,0.8933793781821742
RMPG,1,76500,76500,30.486210500006564,0.831081981974962
RMPG,1,78000,78000,31.096994500025176,0.8167877805373197
RMPG,1,79500,79500,31.704924375051633,0.9295080414121841
RMPG,1,81000,81000,32.3245962910587,1.2559412492751416
RMPG,1,82500,82500,32.94101783295628,1.0396671532773323
RMPG,1,84000,84000,33.5544580409769,0.8111868622440587
RMPG,1,85500,85500,34.17199987499043,0.8822470725487499
RMPG,1,87000,87000,34.800041540991515,0.8125488998901648
RMPG,1,88500,88500,35.421266000019386,0.8921925596783165
RMPG,1,90000,90000,36.037427540984936,0.9758518790513593
RMPG,1,91500,91500,36.662223499966785,1.056317306188415
RMPG,1,93000,93000,37.28540645795874,1.017225954719535
RMPG,1,94500,94500,37.90722254104912,0.9866702381623755
RMPG,1,96000,96000,38.54256258299574,0.9758333228881841
RMPG,1,97500,97500,39.17286512500141,0.9382989316078373
RMPG,1,99000,99000,39.80268129101023,0.8830317181075342
RMPG,1,100500,100500,40.432984541053884,0.9649672332951618
RMPG,1,102000,102000,41.071083083050326,1.223076100549226
RMPG,1,103500,103500,41.70598179101944,1.0382654134325908
RMPG,1,105000,105000,42.342568375053816,0.8771907869709923
RMPG,1,106500,106500,42.98192754096817,0.8264397976945232
RMPG,1,108000,108000,43.61502558295615,0.7758439809651468
RMPG,1,109500,109500,44.24943941598758,0.9287899772231727
RMPG,1,111000,111000,44.879951791022904,0.763334162740014
RMPG,1,112500,112500,45.50840391602833,0.7278817345229041
RMPG,1,114000,114000,46.135860666050576,0.7786021376298441
RMPG,1,115500,115500,46.76508595806081,0.7667485959318286
RMPG,1,117000,117000,47.38906033302192,0.7140186406835065
RMPG,1,118500,118500,48.00985137501266,0.734702433157435
RMPG,1,120000,120000,48.64045716600958,0.8066540695021698
RMPG,1,121500,121500,49.26841174997389,0.8119932848886628
RMPG,1,123000,123000,49.898511125007644,0.7642448207714863
RMPG,1,124500,124500,50.52454095799476,0.6990940895605979
RMPG,1,126000,126000,51.1472109160386,0.7398471183340605
RMPG,1,127500,127500,51.77208200003952,0.7424303793698076
RMPG,1,129000,129000,52.396563624963164,0.7648236368128303
RMPG,1,130500,130500,53.020332082989626,0.7974368123944413
RMPG,1,132000,132000,53.64748583303299,0.8366156777748867
RMPG,1,133500,133500,54.27691274997778,0.8159773125441143
RMPG,1,135000,135000,54.91531145805493,0.7723334457318586
RMPG,1,136500,136500,55.5513870830182,0.8128757041660841
RMPG,1,138000,138000,56.19003754097503,0.7656366002048984
RMPG,1,139500,139500,56.8174924160121,0.6780192777117315
RMPG,1,141000,141000,57.44237687496934,0.7014040790044231
RMPG,1,142500,142500,58.062590582994744,0.7749865125628992
RMPG,1,144000,144000,58.68941054097377,0.8089326623082351
RMPG,1,145500,145500,59.3118219160242,0.7657144674264513
RMPG,1,147000,147000,59.93982562504243,0.7533983799940703
RMPG,1,148500,148500,60.568200291018,0.7047329457234386
RMPG,1,150000,150000,61.19655424996745,0.7301278293944823
PPO,1,1,128,0.715897582937032,2.3342458787795604
PPO,1,9,1152,1.612660082988441,2.0308995936686873
PPO,1,17,2176,2.4921965419780463,2.0880162664548703
PPO,1,25,3200,3.3899388749850914,2.059961840047076
PPO,1,33,4224,4.271426375024021,2.0890085604231916
PPO,1,41,5248,5.151693374966271,2.0138407432486556
PPO,1,49,6272,6.034575416939333,2.0760517194897377
PPO,1,57,7296,6.917469291947782,2.019789479351847
PPO,1,65,8320,7.803626874927431,2.079739697088409
PPO,1,73,9344,8.685282208025455,2.1902196011889687
PPO,1,81,10368,9.571893792017363,2.2147072706634394
PPO,1,89,11392,10.459046166972257,2.114534942378414
PPO,1,97,12416,11.347081457963213,1.8334851517344761
PPO,1,105,13440,12.239249082980677,1.9477697288140758
PPO,1,113,14464,13.13095191703178,1.7839921830339822
PPO,1,121,15488,14.028554333024658,1.8621333599366725
PPO,1,129,16512,14.934192291926593,1.9981950474970875
PPO,1,137,17536,15.846467208000831,1.966898096285425
PPO,1,145,18560,16.764340374968015,2.120479288366688
PPO,1,153,19584,17.679144833004102,2.056583471932491
PPO,1,161,20608,18.585744416923262,1.9731680879697193
PPO,1,169,21632,19.482851499924436,1.9154197128795372
PPO,1,177,22656,20.391814167029224,1.9649205654342397
PPO,1,185,23680,21.295690916944295,2.1314125307298344
PPO,1,193,24704,22.194589416962117,1.8856372257989626
PPO,1,201,25728,23.098031500005163,1.8491922516916313
PPO,1,209,26752,23.99478258297313,1.6823770036735883
PPO,1,217,27776,24.894458167022094,1.8028357301131939
PPO,1,225,28800,25.793338499963284,1.9185078295844744
PPO,1,233,29824,26.690506082959473,1.7919817690339068
PPO,1,241,30848,27.590917916968465,1.7114063869092195
PPO,1,249,31872,28.493341458030045,1.815264130002073
PPO,1,257,32896,29.39285616693087,1.8023065455972174
PPO,1,265,33920,30.29015849996358,1.7663919366146676
PPO,1,273,34944,31.1993297500303,1.2490374609638497
PPO,1,281,35968,32.09916095796507,1.4012588544839923
PPO,1,289,36992,33.00206233293284,1.5031139417337651
PPO,1,297,38016,33.90958287497051,1.4962617379436365
PPO,1,305,39040,34.80856874992605,1.3637488604973247
PPO,1,313,40064,35.70959975000005,1.4234357401500675
PPO,1,321,41088,36.6129741249606,1.5669681574838654
PPO,1,329,42112,37.51972116692923,1.3204473683988964
PPO,1,337,43136,38.41997275000904,1.4015485619097174
PPO,1,345,44160,39.32605179201346,1.2392403495060689
PPO,1,353,45184,40.22909091692418,1.268774704601738
PPO,1,361,46208,41.12967433303129,1.1158498737610143
PPO,1,369,47232,42.0288393329829,1.191149693791497
PPO,1,377,48256,42.926274916972034,0.9906559557001893
PPO,1,385,49280,43.82507229200564,0.9628466325321556
PPO,1,393,50304,44.722326166927814,0.9061246530199955
PPO,1,401,51328,45.625525832991116,0.9407026784869339
PPO,1,409,52352,46.53129191696644,0.932002830876363
PPO,1,417,53376,47.46451204200275,0.9571944373768557
PPO,1,425,54400,48.37340612499975,0.943554936479267
PPO,1,433,55424,49.277150166919455,0.9888155863626672
PPO,1,441,56448,50.17855383292772,0.9864697909253881
PPO,1,449,57472,51.08246408298146,0.9642925373648948
PPO,1,457,58496,51.98385583295021,0.8931009466172024
PPO,1,465,59520,52.887743667000905,0.8582495643765287
PPO,1,473,60544,53.79912904195953,0.8775844081832018
PPO,1,481,61568,54.69191679195501,0.8562332305406233
PPO,1,489,62592,55.58467150002252,0.8333331477702401
PPO,1,497,63616,56.48002841696143,0.8292068997690668
PPO,1,505,64640,57.3732415830018,0.804519196171579
PPO,1,513,65664,58.26690929196775,0.8359348460500808
PPO,1,521,66688,59.16967058298178,0.7942784369413103
PPO,1,529,67712,60.06506558298133,0.8653263505662394
PPO,1,537,68736,60.96522783301771,0.924734768222703
PPO,1,545,69760,61.865297916927375,0.9285240155622875
PPO,1,553,70784,62.764228167012334,0.9711194176405633
PPO,1,561,71808,63.659951957990415,0.9969850549367127
PPO,1,569,72832,64.55930245795753,1.0001648501693803
PPO,1,577,73856,65.45717187493574,0.9598720964707441
PPO,1,585,74880,66.3566158330068,0.8796576095788001
PPO,1,593,75904,67.25614362501074,0.868398564433227
PPO,1,601,76928,68.15633991698269,0.7922773082132262
PPO,1,609,77952,69.06000075000338,0.7647077406106204
PPO,1,617,78976,69.96225283294916,0.7702413670146586
PPO,1,625,80000,70.8668097499758,0.8610542615199352
PPO,1,633,81024,71.76919704198372,0.8042676829789828
PPO,1,641,82048,72.67409091698937,0.7064408595927429
PPO,1,649,83072,73.58486229192931,0.7621757078252226
PPO,1,657,84096,74.49454587500077,0.7506549789078454
PPO,1,665,85120,75.40034383302554,0.7530581660815368
PPO,1,673,86144,76.30751645797864,0.7710971571912364
PPO,1,681,87168,77.21754212502856,0.776229587100152
PPO,1,689,88192,78.1328662079759,0.9244606724178596
PPO,1,697,89216,79.04572358296718,1.361746848664925
PPO,1,705,90240,79.95404795801733,1.6516268522819832
PPO,1,713,91264,80.86483620794024,1.6024288768880393
PPO,1,721,92288,81.77666766697075,1.6474343690556545
PPO,1,729,93312,82.69351129198913,1.9011423306316315
PPO,1,737,94336,83.60848566691857,2.16144185171792
PPO,1,745,95360,84.52264145796653,2.3198011115457424
PPO,1,753,96384,85.43245025002398,2.4988911469110104
PPO,1,761,97408,86.3308357920032,2.475426700124259
PPO,1,769,98432,87.22540566697717,2.4378854244955925
PPO,1,777,99456,88.13878691697028,2.43084047065839
PPO,1,785,100480,89.04774120799266,2.5938719422890317
PPO,1,793,101504,89.9620937500149,2.6111221621642002
PPO,1,801,102528,90.87543095799629,2.6442343167962976
PPO,1,809,103552,91.78988220798783,2.720063319279719
PPO,1,817,104576,92.70533649995923,2.7336073064017743
PPO,1,825,105600,93.62747924996074,2.723064900394861
PPO,1,833,106624,94.53672483295668,2.4079317584861437
PPO,1,841,107648,95.44559554196894,2.361422882928024
PPO,1,849,108672,96.35542487492785,2.3527325514653037
PPO,1,857,109696,97.2604101250181,2.3654444854126786
PPO,1,865,110720,98.16815412498545,2.406151534017515
PPO,1,873,111744,99.07890554203186,2.4733907617215296
PPO,1,881,112768,99.98164895793889,2.745440876462927
PPO,1,889,113792,100.88516491698101,2.842816842244644
PPO,1,897,114816,101.78952099999879,2.6943877596459327
PPO,1,905,115840,102.69581874995492,2.6890551605775954
PPO,1,913,116864,103.60201679193415,2.678361362654856
PPO,1,921,117888,104.5075588329928,2.496024634296314
PPO,1,929,118912,105.41309954202734,2.413155215626793
PPO,1,937,119936,106.32075691700447,2.3130017083481222
DeepCFR,2,1,80,0.14769204193726182,2.163718533234951
DeepCFR,2,2,160,0.30173479195218533,2.163718533234951
DeepCFR,2,3,240,0.44749679195228964,2.163718533234951
DeepCFR,2,4,320,0.8349494169233367,4.244222874446674
DeepCFR,2,5,400,1.2610123750055209,3.7069555173387294
DeepCFR,2,6,480,1.704874666989781,3.1305422163793057
DeepCFR,2,7,560,2.1602878329576924,3.6867522428845234
DeepCFR,2,8,640,2.6206635419512168,3.09524211259717
DeepCFR,2,9,720,3.086033207946457,3.377310097979075
DeepCFR,2,10,800,3.794012999976985,2.9293194280518238
DeepCFR,2,11,880,4.505458791973069,3.2176239458942195
DeepCFR,2,12,960,5.2007632500026375,2.925205725545662
DeepCFR,2,13,1040,5.9012176669202745,2.54422763421585
DeepCFR,2,14,1120,6.606118542025797,2.6430202019953004
DeepCFR,2,15,1200,7.346097499947064,2.821199885642982
DeepCFR,2,16,1280,8.32204079197254,2.6124894238319523
DeepCFR,2,17,1360,9.299306042026728,2.465959046723541
DeepCFR,2,18,1440,10.275115916971117,2.328479485089664
DeepCFR,2,19,1520,11.26339720794931,2.2042626475082803
DeepCFR,2,20,1600,12.270093582919799,2.1950603018926085
DeepCFR,2,21,1680,13.266562707955018,2.0597902146843987
DeepCFR,2,22,1760,14.251614291919395,1.9550918733240652
DeepCFR,2,23,1840,15.260854957974516,1.937219316373343
DeepCFR,2,24,1920,16.470577499945648,1.7002470857606582
DeepCFR,2,25,2000,17.880861124955118,1.646814017021576
DeepCFR,2,26,2080,19.282794291968457,1.5922759049479112
DeepCFR,2,27,2160,20.34963904193137,1.517046984847351
DeepCFR,2,28,2240,21.395027832943015,1.4530376559207383
DeepCFR,2,29,2320,22.613518416997977,1.3770312095784791
DeepCFR,2,30,2400,23.819349083001725,1.3308716434129528
DeepCFR,2,31,2480,24.880925457924604,1.31401556397657
DeepCFR,2,32,2560,25.932582499925047,1.2590526082601678
DeepCFR,2,33,2640,26.9973539999919,1.1925538796360393
DeepCFR,2,34,2720,28.03226866701152,1.1272431948864232
DeepCFR,2,35,2800,29.066975457943045,1.1055203249944274
DeepCFR,2,36,2880,30.175493750022724,1.075289550834716
DeepCFR,2,37,2960,31.271346458001062,1.0205343528274522
DeepCFR,2,38,3040,32.37849658296909,0.9713766845429094
DeepCFR,2,39,3120,33.45900116697885,0.9644835114541455
DeepCFR,2,40,3200,34.50504416693002,0.9546210655510543
DeepCFR,2,41,3280,35.55239025002811,0.9419246649379565
DeepCFR,2,42,3360,36.69843333296012,0.9228709375492858
DeepCFR,2,43,3440,37.944815333001316,0.9018290143186304
DeepCFR,2,44,3520,39.18124762491789,0.8821480871320424
DeepCFR,2,45,3600,40.47265224996954,0.8858513060043107
DeepCFR,2,46,3680,41.58311291702557,0.8438651317931147
DeepCFR,2,47,3760,42.616965875029564,0.8173764084357023
DeepCFR,2,48,3840,43.64528641698416,0.8152206915880797
DeepCFR,2,49,3920,44.687877624994144,0.7640502258640246
DeepCFR,2,50,4000,45.756662250030786,0.7523725877941365
DeepCFR,2,51,4080,46.879923291970044,0.7274190453475907
DeepCFR,2,52,4160,48.08605108293705,0.7134371480757244
DeepCFR,2,53,4240,49.248963374993764,0.7129811916651795
DeepCFR,2,54,4320,50.8280616250122,0.6963998892784697
DeepCFR,2,55,4400,52.05849358299747,0.6544790332933452
DeepCFR,2,56,4480,53.13849870802369,0.6436039891321927
DeepCFR,2,57,4560,54.30462416692171,0.6595367779796472
DeepCFR,2,58,4640,55.572127250023186,0.6143292919415081
DeepCFR,2,59,4720,56.69001070794184,0.6093285017333299
DeepCFR,2,60,4800,57.75770237494726,0.5993332765273596
DeepCFR,2,61,4880,58.82204879191704,0.6060354055777566
DeepCFR,2,62,4960,59.90755433298182,0.5883574787768598
DeepCFR,2,63,5040,60.99237783299759,0.5662579547109681
DeepCFR,2,64,5120,62.12368766695727,0.5773166647862137
DeepCFR,2,65,5200,63.29217749997042,0.5498681668247527
DeepCFR,2,66,5280,64.42623645800631,0.5465723197734045
DeepCFR,2,67,5360,65.58769708301406,0.5250953636680078
DeepCFR,2,68,5440,66.74117099994328,0.5268187623613556
DeepCFR,2,69,5520,67.94015687494539,0.5311396327497933
DeepCFR,2,70,5600,69.16155712492764,0.5250685786272722
DeepCFR,2,71,5680,70.32548933301587,0.4937649144505377
DeepCFR,2,72,5760,71.57793329202104,0.4913455877558099
DeepCFR,2,73,5840,72.99928583297879,0.4877301169990977
DeepCFR,2,74,5920,74.27324775001034,0.4855400947409295
DeepCFR,2,75,6000,75.44214449997526,0.4576749763523662
DeepCFR,2,76,6080,76.59647904196754,0.47106997223337543
DeepCFR,2,77,6160,77.99460129195359,0.45993559478882123
DeepCFR,2,78,6240,79.47463924996555,0.45042306342930627
DeepCFR,2,79,6320,81.38086945796385,0.42605892736819206
DeepCFR,2,80,6400,83.39629941701423,0.449411246422922
NFSP,2,1500,1500,1.1278082909993827,2.157134532928467
NFSP,2,3000,3000,2.3923829999985173,2.157134532928467
NFSP,2,4500,4500,3.761904290993698,2.157134532928467
NFSP,2,6000,6000,4.630187832983211,2.7317023277282715
NFSP,2,7500,7500,5.391040374990553,3.137582302093506
NFSP,2,9000,9000,6.158490290981717,3.042527675628662
NFSP,2,10500,10500,6.985432790941559,2.932814598083496
NFSP,2,12000,12000,8.067467749933712,2.828592300415039
NFSP,2,13500,13500,9.0920005410444,2.693288803100586
NFSP,2,15000,15000,10.526746790972538,2.6015210151672363
NFSP,2,16500,16500,11.64818620798178,2.5712404251098633
NFSP,2,18000,18000,12.638318207929842,2.554269313812256
NFSP,2,19500,19500,13.866667332942598,2.5339558124542236
NFSP,2,21000,21000,15.311544416006655,2.5071070194244385
NFSP,2,22500,22500,16.261182707967237,2.480958938598633
NFSP,2,24000,24000,17.178118790965527,2.4576566219329834
NFSP,2,25500,25500,18.109886790974997,2.4297657012939453
NFSP,2,27000,27000,19.068719874951057,2.404542922973633
NFSP,2,28500,28500,20.15188883303199,2.3829808235168457
NFSP,2,30000,30000,21.351858165930025,2.364295721054077
NFSP,2,31500,31500,22.435630708001554,2.3444395065307617
NFSP,2,33000,33000,23.470959207974374,2.3264942169189453
NFSP,2,34500,34500,24.501734582940117,2.3159842491149902
NFSP,2,36000,36000,25.98807920794934,2.295395851135254
NFSP,2,37500,37500,27.480716833029874,2.286884069442749
NFSP,2,39000,39000,28.655514165991917,2.276587724685669
NFSP,2,40500,40500,29.643778458004817,2.2669787406921387
NFSP,2,42000,42000,30.632319291005842,2.262904167175293
NFSP,2,43500,43500,31.623348791035824,2.2675232887268066
NFSP,2,45000,45000,32.65338633302599,2.2611944675445557
NFSP,2,46500,46500,33.71400541602634,2.2580363750457764
NFSP,2,48000,48000,34.97395820799284,2.2510361671447754
NFSP,2,49500,49500,36.112160874996334,2.2445850372314453
NFSP,2,51000,51000,37.14742599998135,2.239332675933838
NFSP,2,52500,52500,38.175398624967784,2.234645366668701
NFSP,2,54000,54000,39.24969324993435,2.2309622764587402
NFSP,2,55500,55500,40.3024860000005,2.223980665206909
NFSP,2,57000,57000,41.38732433295809,2.21854829788208
NFSP,2,58500,58500,42.54914237500634,2.2122952938079834
NFSP,2,60000,60000,43.80027095798869,2.208404779434204
NFSP,2,61500,61500,44.92853804095648,2.2101306915283203
NFSP,2,63000,63000,46.03097099997103,2.2042336463928223
NFSP,2,64500,64500,47.14788608299568,2.199533224105835
NFSP,2,66000,66000,48.28939529100899,2.191290855407715
NFSP,2,67500,67500,49.47272399999201,2.1920955181121826
NFSP,2,69000,69000,50.72858816594817,2.188812732696533
NFSP,2,70500,70500,51.94573145802133,2.1780083179473877
NFSP,2,72000,72000,53.0655465410091,2.178666114807129
NFSP,2,73500,73500,54.20506645797286,2.1700408458709717
NFSP,2,75000,75000,55.33042991603725,2.1657519340515137
NFSP,2,76500,76500,56.46699108299799,2.1547117233276367
NFSP,2,78000,78000,57.59737412503455,2.1629323959350586
NFSP,2,79500,79500,58.72531187499408,2.1436290740966797
NFSP,2,81000,81000,59.86889262497425,2.148390531539917
NFSP,2,82500,82500,61.01234479097184,2.1437911987304688
NFSP,2,84000,84000,62.163501249975525,2.124356269836426
NFSP,2,85500,85500,63.515908082947135,2.1233510971069336
NFSP,2,87000,87000,65.00391237495933,2.1178712844848633
NFSP,2,88500,88500,66.18998270796146,2.1115493774414062
NFSP,2,90000,90000,67.41511683294084,2.1080527305603027
NFSP,2,91500,91500,68.62912958301604,2.093777656555176
NFSP,2,93000,93000,69.82182291604113,2.086531639099121
NFSP,2,94500,94500,71.02857945801225,2.079528331756592
NFSP,2,96000,96000,72.20301599998493,2.0700390338897705
NFSP,2,97500,97500,73.40347137500066,2.061281681060791
NFSP,2,99000,99000,74.6061650000047,2.058469295501709
NFSP,2,100500,100500,75.82563700003084,2.0481061935424805
NFSP,2,102000,102000,77.05533245799597,2.038790464401245
NFSP,2,103500,103500,78.28254187502898,2.0288023948669434
NFSP,2,105000,105000,79.55322133295704,2.025984525680542
NFSP,2,106500,106500,80.92338495794684,2.0288777351379395
NFSP,2,108000,108000,82.2119680410251,2.0106911659240723
NFSP,2,109500,109500,83.46785629098304,1.9982236623764038
NFSP,2,111000,111000,84.71513316594064,1.9913184642791748
NFSP,2,112500,112500,85.86654175003059,1.985901951789856
NFSP,2,114000,114000,87.03372033301275,1.982572317123413
NFSP,2,115500,115500,88.28804891603068,1.9906063079833984
NFSP,2,117000,117000,89.54727829096373,1.9827252626419067
NFSP,2,118500,118500,90.7383001659764,1.969246745109558
NFSP,2,120000,120000,91.89520841604099,1.9648354053497314
NFSP,2,121500,121500,93.08108970802277,1.9663361310958862
NFSP,2,123000,123000,94.3071765829809,1.966702938079834
NFSP,2,124500,124500,95.6221058749361,1.9552303552627563
NFSP,2,126000,126000,96.87374379101675,1.9515143632888794
NFSP,2,127500,127500,98.08735195803456,1.9548978805541992
NFSP,2,129000,129000,99.28851754101925,1.942927598953247
NFSP,2,130500,130500,100.46198645792902,1.9327242374420166
NFSP,2,132000,132000,101.64614445797633,1.9443702697753906
NFSP,2,133500,133500,102.80984141596127,1.925408959388733
NFSP,2,135000,135000,103.98287574993446,1.9338138103485107
NFSP,2,136500,136500,105.14421045803465,1.9258153438568115
NFSP,2,138000,138000,106.29509720799979,1.9269459247589111
NFSP,2,139500,139500,107.47734966594726,1.9256556034088135
NFSP,2,141000,141000,108.63580083299894,1.9145509004592896
NFSP,2,142500,142500,109.8050613750238,1.9101406335830688
NFSP,2,144000,144000,110.97740320803132,1.8964582681655884
NFSP,2,145500,145500,112.1548857500311,1.8992977142333984
NFSP,2,147000,147000,113.31346666603349,1.9003448486328125
NFSP,2,148500,148500,114.48602399998344,1.9026755094528198
NFSP,2,150000,150000,115.66662191599607,1.8896733522415161
RMPG,2,1500,1500,0.6959933340549469,2.0341608092662673
RMPG,2,3000,3000,1.413866208982654,2.3222109706891123
RMPG,2,4500,4500,2.1426967090228572,2.093552502306424
RMPG,2,6000,6000,2.8733328339876607,2.0848127226807667
RMPG,2,7500,7500,3.6116841670591384,1.9895551004686918
RMPG,2,9000,9000,4.355371459037997,1.9558849665118663
RMPG,2,10500,10500,5.164977667038329,2.1459086599561266
RMPG,2,12000,12000,5.933842541999184,1.8196313760468699
RMPG,2,13500,13500,6.67519058403559,1.7975168391805545
RMPG,2,15000,15000,7.4347483339952305,1.7136529967910628
RMPG,2,16500,16500,8.19830508402083,1.5293804672391889
RMPG,2,18000,18000,8.953034959034994,1.4897552134279146
RMPG,2,19500,19500,9.718875708989799,1.4443372001717123
RMPG,2,21000,21000,10.514977834071033,1.3850550051620052
RMPG,2,22500,22500,11.304127375013195,1.4218538032875823
RMPG,2,24000,24000,12.07208549999632,1.3507296230882073
RMPG,2,25500,25500,12.846449459088035,1.4092873632811935
RMPG,2,27000,27000,13.59393308404833,1.3572493548514002
RMPG,2,28500,28500,14.361525667016394,1.3683091333374657
RMPG,2,30000,30000,15.13615054206457,1.3338592366568753
RMPG,2,31500,31500,15.956388125079684,1.1495616678003309
RMPG,2,33000,33000,16.725321792066097,1.1899471571972091
RMPG,2,34500,34500,17.4671523750294,1.2549376757028594
RMPG,2,36000,36000,18.19951404200401,1.43855494048969
RMPG,2,37500,37500,18.937770709046163,1.349298199155553
RMPG,2,39000,39000,19.71346487500705,1.4501161282883461
RMPG,2,40500,40500,20.475919833988883,1.3421318976726173
RMPG,2,42000,42000,21.220507084042765,1.119603895395667
RMPG,2,43500,43500,21.96100845898036,1.2222892946924924
RMPG,2,45000,45000,22.71320950007066,1.1471553007514645
RMPG,2,46500,46500,23.44481583405286,1.1813768636067907
RMPG,2,48000,48000,24.196825792081654,1.2061544037320218
RMPG,2,49500,49500,24.962897459045053,1.2290671873679977
RMPG,2,51000,51000,25.726159917074256,1.214849804398307
RMPG,2,52500,52500,26.476990750059485,1.117281398843394
RMPG,2,54000,54000,27.25767249998171,1.244858206502435
RMPG,2,55500,55500,28.031769959023222,1.5056387223695498
RMPG,2,57000,57000,28.847215624991804,1.2394678037226075
RMPG,2,58500,58500,29.69502754206769,1.2991223722180514
RMPG,2,60000,60000,30.47004766704049,1.1578817985641234
RMPG,2,61500,61500,31.198358084075153,1.1223556946078612
RMPG,2,63000,63000,31.9270015420625,1.1145769142298323
RMPG,2,64500,64500,32.651039834017865,1.009622527555379
RMPG,2,66000,66000,33.35806566698011,1.024530668610423
RMPG,2,67500,67500,34.061474333982915,0.9773908865805025
RMPG,2,69000,69000,34.769598499988206,0.9307984295869723
RMPG,2,70500,70500,35.4927432090044,0.9139431752466836
RMPG,2,72000,72000,36.235797042027116,0.8969022821590955
RMPG,2,73500,73500,36.994489834061824,0.9115440630796452
RMPG,2,75000,75000,37.770693750004284,1.144157468461925
RMPG,2,76500,76500,38.555728167062625,0.980993471828471
RMPG,2,78000,78000,39.56774020905141,1.0906292920246237
RMPG,2,79500,79500,40.57324383407831,1.0787325975825408
RMPG,2,81000,81000,41.38169283408206,1.0545060320487114
RMPG,2,82500,82500,42.12165037507657,0.93989661153011
RMPG,2,84000,84000,42.83090250007808,1.0572149645184745
RMPG,2,85500,85500,43.5495060000103,1.006620968973821
RMPG,2,87000,87000,44.27703887503594,0.9596281927007324
RMPG,2,88500,88500,45.00000662507955,0.8320596994858593
RMPG,2,90000,90000,45.728178458986804,1.043006019330245
RMPG,2,91500,91500,46.46204450004734,1.0036314203053485
RMPG,2,93000,93000,47.21671408403199,0.9944089784387129
RMPG,2,94500,94500,48.01426349999383,1.1148079820723966
RMPG,2,96000,96000,48.80424845905509,0.878896616246597
RMPG,2,97500,97500,49.55928575003054,0.7685159058789881
RMPG,2,99000,99000,50.3060260420898,0.9073780870086697
RMPG,2,100500,100500,51.0502230420243,0.9111412428804164
RMPG,2,102000,102000,51.813136834069155,1.1134602509900924
RMPG,2,103500,103500,52.56102941709105,1.0093625483766877
RMPG,2,105000,105000,53.325139124994166,1.0169271855346516
RMPG,2,106500,106500,54.080968250054866,1.467156120528232
RMPG,2,108000,108000,54.83042491704691,1.165348793866196
RMPG,2,109500,109500,55.57690987503156,0.9127640785980498
RMPG,2,111000,111000,56.34068954200484,0.9302519850870627
RMPG,2,112500,112500,57.08749975007959,0.9471403946025703
RMPG,2,114000,114000,57.83812937501352,0.9023327997986383
RMPG,2,115500,115500,58.58679725008551,0.9493464016584775
RMPG,2,117000,117000,59.36994683404919,0.9638242913258226
RMPG,2,118500,118500,60.10921258397866,0.9525994744245705
RMPG,2,120000,120000,60.84481254208367,1.0147118583354418
RMPG,2,121500,121500,61.64745200006291,1.1286823502903764
RMPG,2,123000,123000,62.83932516700588,1.2216876675248725
RMPG,2,124500,124500,64.19902916706633,1.1227138373470502
RMPG,2,126000,126000,65.06650604202878,1.0809834219280203
RMPG,2,127500,127500,65.77062349999323,0.9648980872883183
RMPG,2,129000,129000,66.45178087498061,0.8636648162230296
RMPG,2,130500,130500,67.14864433405455,0.8025849778781796
RMPG,2,132000,132000,67.88879125006497,0.7783229511825396
RMPG,2,133500,133500,68.74998316704296,0.8470527298068494
RMPG,2,135000,135000,69.64134470908903,1.0841175527998992
RMPG,2,136500,136500,70.48128491698299,0.8588560427049396
RMPG,2,138000,138000,71.25319387507625,0.8356368399611105
RMPG,2,139500,139500,72.02985866705421,0.686968514849225
RMPG,2,141000,141000,72.86837091704365,0.9139922600511355
RMPG,2,142500,142500,73.73506379208993,1.0387449756622682
RMPG,2,144000,144000,74.5377390839858,0.872054056320883
RMPG,2,145500,145500,75.33127120905556,1.2381521280462107
RMPG,2,147000,147000,76.09982583404053,0.8864152497224704
RMPG,2,148500,148500,76.87518820900004,0.8594349270532435
RMPG,2,150000,150000,77.62623066699598,0.7622290447916089
PPO,2,1,128,0.8445248750504106,2.2692227132376983
PPO,2,9,1152,1.893086584052071,1.9435978617852627
PPO,2,17,2176,2.9826717500109226,1.9763999745569192
PPO,2,25,3200,4.135320209083147,1.837902532070728
PPO,2,33,4224,5.279563792049885,1.6321449924546851
PPO,2,41,5248,6.422583667095751,1.6458153089636713
PPO,2,49,6272,7.522187875001691,1.6857956027101504
PPO,2,57,7296,8.610319875064306,1.5762893604030506
PPO,2,65,8320,9.67077612504363,1.6924250977873943
PPO,2,73,9344,10.719329750048928,1.7854052371028495
PPO,2,81,10368,11.768536209012382,1.8621323574052333
PPO,2,89,11392,12.820198334055021,2.089328891644356
PPO,2,97,12416,13.870928959106095,1.9922972917780823
PPO,2,105,13440,14.924241417087615,1.915416869415338
PPO,2,113,14464,15.96665691700764,1.914105017507504
PPO,2,121,15488,17.014341834001243,1.931279392318796
PPO,2,129,16512,18.164204792003147,1.985099853165435
PPO,2,137,17536,19.68378920899704,2.0233660222638106
PPO,2,145,18560,20.73584191710688,1.851304027529995
PPO,2,153,19584,21.67319091700483,1.8871069104804197
PPO,2,161,20608,22.689157459069975,1.9183848833107162
PPO,2,169,21632,23.732205292093568,1.7864303127342236
PPO,2,177,22656,24.8018179590581,1.9946231172369961
PPO,2,185,23680,25.863423875067383,2.017756396679962
PPO,2,193,24704,26.90917254204396,2.04945577896075
PPO,2,201,25728,27.940052499994636,1.7841310705245996
PPO,2,209,26752,29.08438270899933,1.9966714355024695
PPO,2,217,27776,30.318977959104814,1.9669917218837236
PPO,2,225,28800,31.486573375063017,1.8712931548717635
PPO,2,233,29824,32.62935525004286,1.8780653301503114
PPO,2,241,30848,33.69728916708846,1.9365555566093042
PPO,2,249,31872,34.80563116702251,1.9516988234072994
PPO,2,257,32896,36.00003429199569,1.8099564780535151
PPO,2,265,33920,37.225812292075716,1.8218991013603116
PPO,2,273,34944,38.38601637503598,1.7433614305569685
PPO,2,281,35968,39.4542923750123,1.7152613032622304
PPO,2,289,36992,40.5245629590936,1.7316773661246099
PPO,2,297,38016,41.722151750000194,1.7241788953392474
PPO,2,305,39040,43.05042779201176,1.722885985816272
PPO,2,313,40064,44.387147334055044,1.8333184304788455
PPO,2,321,41088,45.506147667067125,1.7228927304328203
PPO,2,329,42112,46.56593475001864,1.7853567234576815
PPO,2,337,43136,47.734681834001094,1.8307057453346558
PPO,2,345,44160,48.87467608402949,1.7420569046113707
PPO,2,353,45184,50.03958554205019,1.7195078330393934
PPO,2,361,46208,51.16660820902325,1.7777289389898872
PPO,2,369,47232,52.2356332920026,1.7770013318709075
PPO,2,377,48256,53.31030875002034,1.7560423969083674
PPO,2,385,49280,54.43777000007685,1.6745254316160878
PPO,2,393,50304,55.584098124993034,1.7045483477013639
PPO,2,401,51328,56.72461216710508,1.7745909243522846
PPO,2,409,52352,57.841403417056426,1.7507261657186959
PPO,2,417,53376,58.94565720902756,1.725434398151209
PPO,2,425,54400,60.06857733405195,1.7067098638024016
PPO,2,433,55424,61.193112250068225,1.754694476099497
PPO,2,441,56448,62.53112779208459,1.696121844362417
PPO,2,449,57472,63.71596562501509,1.6885551774442842
PPO,2,457,58496,64.81810358399525,1.6752105279499045
PPO,2,465,59520,65.93404745904263,1.7113832976587773
PPO,2,473,60544,67.07007958402392,1.745265411921495
PPO,2,481,61568,68.21193866699468,1.8231234696292238
PPO,2,489,62592,69.35428241710179,1.7556584948228289
PPO,2,497,63616,70.45038179203402,1.8658652378872236
PPO,2,505,64640,71.59643787506502,1.7264787271976112
PPO,2,513,65664,72.84379829210229,1.7623715706051666
PPO,2,521,66688,73.9649575840449,1.8712604805801594
PPO,2,529,67712,75.02795920905191,1.9504050396761774
PPO,2,537,68736,76.09247654210776,1.8339728390734402
PPO,2,545,69760,77.24850479210727,1.897587370069215
PPO,2,553,70784,78.4470111670671,1.7822571834354157
PPO,2,561,71808,79.54975783405825,1.7939413047308985
PPO,2,569,72832,80.59597758401651,1.7882738877717856
PPO,2,577,73856,81.62583437503781,1.805591790560357
PPO,2,585,74880,82.73979812499601,1.813237641073337
PPO,2,593,75904,84.00137925008312,1.750008919625147
PPO,2,601,76928,85.09379345900379,1.7848233150047133
PPO,2,609,77952,86.1055654170923,1.8476342034583757
PPO,2,617,78976,87.1380730420351,1.7692258488677588
PPO,2,625,80000,88.19724804209545,1.7429044658523745
PPO,2,633,81024,89.28738279209938,1.7396268676273898
PPO,2,641,82048,90.49739608401433,1.7289047085827063
PPO,2,649,83072,92.20880383404437,1.709315772581649
PPO,2,657,84096,93.3734889170155,1.7092762160108808
PPO,2,665,85120,94.70620641706046,1.9726877477989189
PPO,2,673,86144,95.90433654200751,2.177523607593418
PPO,2,681,87168,96.99987950001378,2.3430524171678266
PPO,2,689,88192,98.06946145906113,2.410560551029077
PPO,2,697,89216,99.17728683410678,2.242590681570495
PPO,2,705,90240,100.30687225004658,2.0317693421035585
PPO,2,713,91264,101.45820650004316,2.4917510265109617
PPO,2,721,92288,102.59198583406396,2.22754134506895
PPO,2,729,93312,103.67282991704997,2.5496234413533387
PPO,2,737,94336,104.87640429206658,2.198457981249889
PPO,2,745,95360,106.15011108410545,2.258426967162439
PPO,2,753,96384,107.21980795904528,2.1561600050462557
PPO,2,761,97408,108.44458004203625,2.193736889651724
PPO,2,769,98432,109.81219541700557,2.1403088023732275
PPO,2,777,99456,111.64277683408,2.068116164059363
PPO,2,785,100480,112.93207841704134,1.8959764766633675
PPO,2,793,101504,114.46662458404899,1.8988974408370105
PPO,2,801,102528,115.59549866709858,1.8377214682718093
PPO,2,809,103552,116.85516975005157,1.8075111222009104
PPO,2,817,104576,118.07247395906597,1.7039438459241754
PPO,2,825,105600,119.18410441710148,1.879827867154865
PPO,2,833,106624,120.27576220908668,1.7950081893834358
PPO,2,841,107648,121.52619275008328,1.8116171325563792
PPO,2,849,108672,122.88580933399498,1.6934218453148198
PPO,2,857,109696,124.4467202500673,1.7210745004846637
PPO,2,865,110720,125.66146487509832,1.9678670770872875
PPO,2,873,111744,126.75607245904393,2.004874118472777
PPO,2,881,112768,127.82929804199375,1.8420506778677175
PPO,2,889,113792,128.9778289590031,1.8598269182814597
PPO,2,897,114816,130.16214016708545,1.9761213311096495
PPO,2,905,115840,131.3501157920109,1.809407707545155
PPO,2,913,116864,132.46873729210347,1.8212956640117004
PPO,2,921,117888,133.58444375009276,1.8353531158522012
PPO,2,929,118912,134.7282198750181,1.8252666226713277
PPO,2,937,119936,135.83876608405262,1.8989776352971335
DeepCFR,3,1,80,0.16316583298612386,2.186137939751135
DeepCFR,3,2,160,0.33473787491675466,2.186137939751135
DeepCFR,3,3,240,0.5240218749968335,2.186137939751135
DeepCFR,3,4,320,0.7054988329764456,2.186137939751135
DeepCFR,3,5,400,1.2059614579193294,2.6282327258275417
DeepCFR,3,6,480,1.8391062909504399,2.3520300501144713
DeepCFR,3,7,560,2.661763915908523,2.1118873018899267
DeepCFR,3,8,640,3.7915447909617797,1.982545627299706
DeepCFR,3,9,720,4.683807040913962,2.0295059606357038
DeepCFR,3,10,800,5.300158665981144,1.9424973550842692
DeepCFR,3,11,880,6.157984207966365,2.0840910501414904
DeepCFR,3,12,960,6.979486041003838,1.9262235178224747
DeepCFR,3,13,1040,7.831396332941949,1.9414651377564034
DeepCFR,3,14,1120,8.784485290991142,1.9504003039423308
DeepCFR,3,15,1200,9.913422040990554,2.0326845963241573
DeepCFR,3,16,1280,11.338320374954492,2.188980225256601
DeepCFR,3,17,1360,12.661277290899307,2.1390439141893154
DeepCFR,3,18,1440,13.873762207920663,1.9004124053706954
DeepCFR,3,19,1520,15.049270791001618,1.809443148525951
DeepCFR,3,20,1600,16.23386329098139,1.7076200899326452
DeepCFR,3,21,1680,17.504452249966562,1.5492236964625015
DeepCFR,3,22,1760,18.84702099999413,1.6269675998971596
DeepCFR,3,23,1840,20.147426415933296,1.5271215381247285
DeepCFR,3,24,1920,21.336318957968615,1.5261908946261107
DeepCFR,3,25,2000,22.52678954100702,1.4789851842964103
DeepCFR,3,26,2080,23.777228415943682,1.435888486859911
DeepCFR,3,27,2160,25.02461374993436,1.3281261025860163
DeepCFR,3,28,2240,26.237702957936563,1.2948146109901066
DeepCFR,3,29,2320,27.46033566596452,1.2980646704586793
DeepCFR,3,30,2400,28.724425541004166,1.2193271442922662
DeepCFR,3,31,2480,29.989787957980298,1.2104823520549006
DeepCFR,3,32,2560,31.21447545790579,1.1710842156269927
DeepCFR,3,33,2640,32.45777341595385,1.1060875866813513
DeepCFR,3,34,2720,33.68125008291099,1.0362156705516536
DeepCFR,3,35,2800,34.921208957908675,0.9875277085206724
DeepCFR,3,36,2880,36.150375874945894,0.9304407155485659
DeepCFR,3,37,2960,37.37431433296297,0.9190049115661547
DeepCFR,3,38,3040,38.63095137500204,0.8620394989294768
DeepCFR,3,39,3120,39.87719470798038,0.8594019840312692
DeepCFR,3,40,3200,41.09869383298792,0.8382075664634856
DeepCFR,3,41,3280,42.46752974996343,0.797775383644067
DeepCFR,3,42,3360,43.74692937498912,0.7448438965584646
DeepCFR,3,43,3440,45.05017941596452,0.7574762978632158
DeepCFR,3,44,3520,46.38544508290943,0.679060330811972
DeepCFR,3,45,3600,47.769775665947236,0.7477670351220953
DeepCFR,3,46,3680,49.13062683294993,0.7439012644025613
DeepCFR,3,47,3760,50.37830729095731,0.6616320594803231
DeepCFR,3,48,3840,51.6995351659134,0.6465093708719052
DeepCFR,3,49,3920,53.437410874990746,0.6503719947092428
DeepCFR,3,50,4000,54.763471915968694,0.6963885927337341
DeepCFR,3,51,4080,56.41013104096055,0.6668428025184068
DeepCFR,3,52,4160,57.77376012492459,0.6331150282658351
DeepCFR,3,53,4240,59.033348249970004,0.661406011592577
DeepCFR,3,54,4320,60.292337207938544,0.6346758519228325
DeepCFR,3,55,4400,61.591782124945894,0.6118035395423844
DeepCFR,3,56,4480,62.837409290950745,0.6523238578141892
DeepCFR,3,57,4560,64.0503631249303,0.5898423794554111
DeepCFR,3,58,4640,65.27036658290308,0.5992249300684451
DeepCFR,3,59,4720,66.48062016593758,0.5736693350344477
DeepCFR,3,60,4800,67.69068324996624,0.5695219397423373
DeepCFR,3,61,4880,68.89739391591866,0.5500149031637356
DeepCFR,3,62,4960,70.11313920794055,0.5627224255716501
DeepCFR,3,63,5040,71.4037179579027,0.5532994409219287
DeepCFR,3,64,5120,72.67424708290491,0.5350553354421392
DeepCFR,3,65,5200,73.89769199991133,0.5467858816392714
DeepCFR,3,66,5280,75.12684133299626,0.5301273033935792
DeepCFR,3,67,5360,76.49168433295563,0.5299084564283905
DeepCFR,3,68,5440,77.77358983294107,0.5329987161446801
DeepCFR,3,69,5520,79.22649274999276,0.5266084520843213
DeepCFR,3,70,5600,80.76218816591427,0.5182800485588797
DeepCFR,3,71,5680,82.80442091601435,0.48848755464620963
DeepCFR,3,72,5760,84.31722870795056,0.4961055494841715
DeepCFR,3,73,5840,85.5493846249301,0.5264944166355312
DeepCFR,3,74,5920,87.09934504097328,0.5011991188051279
DeepCFR,3,75,6000,88.53552783292253,0.5223791189142418
DeepCFR,3,76,6080,89.83257829095237,0.5158313084236015
DeepCFR,3,77,6160,91.12078054097947,0.5005778975129096
DeepCFR,3,78,6240,92.4063814159017,0.4985802409022214
DeepCFR,3,79,6320,93.68327387492172,0.47841568071725304
DeepCFR,3,80,6400,94.96872395800892,0.45285035489613584
NFSP,3,1500,1500,0.7364515829831362,2.3750617504119873
NFSP,3,3000,3000,1.4410995419602841,2.3750617504119873
NFSP,3,4500,4500,2.122509583015926,2.3750617504119873
NFSP,3,6000,6000,2.829506583046168,2.769355297088623
NFSP,3,7500,7500,3.57919141696766,3.1627745628356934
NFSP,3,9000,9000,4.364283666945994,3.1146798133850098
NFSP,3,10500,10500,5.204686125041917,3.036980628967285
NFSP,3,12000,12000,6.055128957959823,2.9175257682800293
NFSP,3,13500,13500,6.966388333006762,2.780900478363037
NFSP,3,15000,15000,7.930558750056662,2.6819448471069336
NFSP,3,16500,16500,9.30139512498863,2.6136314868927
NFSP,3,18000,18000,10.420608791988343,2.58540678024292
NFSP,3,19500,19500,11.475163041963242,2.5581650733947754
NFSP,3,21000,21000,12.542066292022355,2.529644012451172
NFSP,3,22500,22500,13.513380958000198,2.500450611114502
NFSP,3,24000,24000,14.493219333002344,2.469442367553711
NFSP,3,25500,25500,15.521619791979901,2.444143533706665
NFSP,3,27000,27000,16.521100332960486,2.4227993488311768
NFSP,3,28500,28500,17.54677887505386,2.403695583343506
NFSP,3,30000,30000,18.560454417020082,2.385394811630249
NFSP,3,31500,31500,19.619045333005488,2.361461639404297
NFSP,3,33000,33000,20.692145625012927,2.341914653778076
NFSP,3,34500,34500,21.78007479198277,2.3298606872558594
NFSP,3,36000,36000,22.891845457954332,2.3107707500457764
NFSP,3,37500,37500,24.064817582955584,2.296726703643799
NFSP,3,39000,39000,25.109504875028506,2.290167808532715
NFSP,3,40500,40500,26.11932862503454,2.284729242324829
NFSP,3,42000,42000,27.216920000035316,2.27170729637146
NFSP,3,43500,43500,28.6524216249818,2.2672762870788574
NFSP,3,45000,45000,29.754404917010106,2.2617812156677246
NFSP,3,46500,46500,30.80871037498582,2.2565364837646484
NFSP,3,48000,48000,31.865416332962923,2.253262758255005
NFSP,3,49500,49500,32.936320750042796,2.249095916748047
NFSP,3,51000,51000,34.01345020800363,2.2452163696289062
NFSP,3,52500,52500,35.33711266703904,2.239609479904175
NFSP,3,54000,54000,36.496176333050244,2.228175640106201
NFSP,3,55500,55500,37.54208058305085,2.228710651397705
NFSP,3,57000,57000,38.56637741695158,2.22206974029541
NFSP,3,58500,58500,39.61149891698733,2.2198128700256348
NFSP,3,60000,60000,40.69484374998137,2.213569164276123
NFSP,3,61500,61500,41.812891499954276,2.210697650909424
NFSP,3,63000,63000,42.922703332966194,2.2080225944519043
NFSP,3,64500,64500,44.030714333057404,2.2011475563049316
NFSP,3,66000,66000,45.1396587920608,2.1947028636932373
NFSP,3,67500,67500,46.27017383300699,2.178584575653076
NFSP,3,69000,69000,47.45790499995928,2.178943634033203
NFSP,3,70500,70500,48.87909037503414,2.1798694133758545
NFSP,3,72000,72000,50.10514729202259,2.1669797897338867
NFSP,3,73500,73500,51.21425533294678,2.1671695709228516
NFSP,3,75000,75000,52.29233520803973,2.1647026538848877
NFSP,3,76500,76500,53.41021129197907,2.1546101570129395
NFSP,3,78000,78000,54.57434904202819,2.1507408618927
NFSP,3,79500,79500,55.77329141704831,2.1346213817596436
NFSP,3,81000,81000,56.89640170801431,2.133141040802002
NFSP,3,82500,82500,57.98405054199975,2.123518466949463
NFSP,3,84000,84000,59.09869975002948,2.1150312423706055
NFSP,3,85500,85500,60.21917358296923,2.1001033782958984
NFSP,3,87000,87000,61.33910962496884,2.0941505432128906
NFSP,3,88500,88500,62.4708102500299,2.0869626998901367
NFSP,3,90000,90000,63.61293391697109,2.076591968536377
NFSP,3,91500,91500,64.87789679202251,2.073560953140259
NFSP,3,93000,93000,66.05905679205898,2.0674571990966797
NFSP,3,94500,94500,67.16441954195034,2.067134380340576
NFSP,3,96000,96000,68.26353020803072,2.0441954135894775
NFSP,3,97500,97500,69.38979258295149,2.033553123474121
NFSP,3,99000,99000,70.50383383303415,2.027621269226074
NFSP,3,100500,100500,71.68605391704477,2.027251720428467
NFSP,3,102000,102000,72.90295883303043,2.0140297412872314
NFSP,3,103500,103500,74.13734991697129,2.0147595405578613
NFSP,3,105000,105000,75.3560486669885,2.008638381958008
NFSP,3,106500,106500,76.60003491700627,1.9867618083953857
NFSP,3,108000,108000,77.80376716703176,1.9789044857025146
NFSP,3,109500,109500,78.96110416704323,1.9868943691253662
NFSP,3,111000,111000,80.13498808303848,1.9786711931228638
NFSP,3,112500,112500,81.35955399996601,1.964103102684021
NFSP,3,114000,114000,82.66337262501474,1.956566572189331
NFSP,3,115500,115500,83.84298637497704,1.9497183561325073
NFSP,3,117000,117000,84.99878008302767,1.9485936164855957
NFSP,3,118500,118500,86.15427470800932,1.9544793367385864
NFSP,3,120000,120000,87.32945279194973,1.9467947483062744
NFSP,3,121500,121500,88.51659866701812,1.9441659450531006
NFSP,3,123000,123000,89.7152589999605,1.942775845527649
NFSP,3,124500,124500,90.89247120800428,1.9370152950286865
NFSP,3,126000,126000,92.05509725003503,1.9241268634796143
NFSP,3,127500,127500,93.21403708297294,1.9244844913482666
NFSP,3,129000,129000,94.34940708300564,1.9062906503677368
NFSP,3,130500,130500,95.54864000005182,1.9128421545028687
NFSP,3,132000,132000,96.73131033300888,1.9116888046264648
NFSP,3,133500,133500,97.91387962503359,1.9065935611724854
NFSP,3,135000,135000,99.0975432919804,1.8952252864837646
NFSP,3,136500,136500,100.3205582080409,1.8988982439041138
NFSP,3,138000,138000,101.63843670801725,1.8945530652999878
NFSP,3,139500,139500,102.86371354199946,1.897209644317627
NFSP,3,141000,141000,104.08900870801881,1.87825608253479
NFSP,3,142500,142500,105.40970708301757,1.8744313716888428
NFSP,3,144000,144000,106.68724933301564,1.8873014450073242
NFSP,3,145500,145500,107.89967308298219,1.8838988542556763
NFSP,3,147000,147000,109.08453591703437,1.8667837381362915
NFSP,3,148500,148500,110.36766162503045,1.8657162189483643
NFSP,3,150000,150000,111.71647629200015,1.844940423965454
RMPG,3,1500,1500,0.8024317090166733,2.216320873654996
RMPG,3,3000,3000,1.6691117499722168,2.31897004639031
RMPG,3,4500,4500,2.461013750056736,2.374433740945136
RMPG,3,6000,6000,3.1980570419691503,2.4079766761753434
RMPG,3,7500,7500,3.9044242500094697,2.1949483226728845
RMPG,3,9000,9000,4.600713292020373,1.9360635409542055
RMPG,3,10500,10500,5.303233084036037,1.913361355576909
RMPG,3,12000,12000,6.010804624995217,1.7717934768553374
RMPG,3,13500,13500,6.724141667014919,1.7087660168998924
RMPG,3,15000,15000,7.480546167003922,1.659294862170332
RMPG,3,16500,16500,8.212125041987747,1.6651649093611238
RMPG,3,18000,18000,8.975270624971017,1.6504622411940972
RMPG,3,19500,19500,9.820501459063962,1.6594088700575975
RMPG,3,21000,21000,10.570697791990824,1.5348212968924217
RMPG,3,22500,22500,11.292943209060468,1.5984992243065257
RMPG,3,24000,24000,12.012184959021397,1.385545482838821
RMPG,3,25500,25500,12.704391875071451,1.390119036571647
RMPG,3,27000,27000,13.405020917067304,1.3608248292588079
RMPG,3,28500,28500,14.110293250065297,1.3841452226124618
RMPG,3,30000,30000,14.818291542003863,1.407914876085453
RMPG,3,31500,31500,15.540302125038579,1.2837994220635145
RMPG,3,33000,33000,16.264462542021647,1.2117012050882345
RMPG,3,34500,34500,16.979474875028245,1.2035649673964142
RMPG,3,36000,36000,17.70488774997648,1.290706001195477
RMPG,3,37500,37500,18.447558250045404,1.1703806246035655
RMPG,3,39000,39000,19.194190709036775,1.3228074445955897
RMPG,3,40500,40500,19.940350042073987,1.0518703699530756
RMPG,3,42000,42000,20.836279209004715,1.3317969868858044
RMPG,3,43500,43500,21.71230633405503,1.1755006289802932
RMPG,3,45000,45000,22.50444825005252,1.184028984336861
RMPG,3,46500,46500,23.27089516702108,1.041671943664618
RMPG,3,48000,48000,24.021254749968648,1.1259467927523785
RMPG,3,49500,49500,24.783507875050418,1.0587932506738038
RMPG,3,51000,51000,25.541680042049848,1.0248341271707972
RMPG,3,52500,52500,26.31573970906902,0.9929769366991068
RMPG,3,54000,54000,27.088128917035647,0.9798248650412257
RMPG,3,55500,55500,27.834353834041394,1.095070700118932
RMPG,3,57000,57000,28.580667542060837,1.1478077953211603
RMPG,3,58500,58500,29.300828334060498,1.0852473293439446
RMPG,3,60000,60000,30.019161542062648,1.112353350909018
RMPG,3,61500,61500,30.744132125051692,0.9278331364827149
RMPG,3,63000,63000,31.477761292015202,1.1861881137976622
RMPG,3,64500,64500,32.21914929198101,0.9603160655835438
RMPG,3,66000,66000,32.9466830000747,1.0015337441777095
RMPG,3,67500,67500,33.6870811249828,1.0057055823519132
RMPG,3,69000,69000,34.42565958399791,1.1816845299640408
RMPG,3,70500,70500,35.15383983403444,1.099331431290567
RMPG,3,72000,72000,35.89343212498352,1.2044431570363734
RMPG,3,73500,73500,36.63405045901891,1.1307160538508296
RMPG,3,75000,75000,37.38577625004109,1.3432284202819724
RMPG,3,76500,76500,38.134690333972685,1.3309776770078836
RMPG,3,78000,78000,38.8824156250339,1.6004860177525981
RMPG,3,79500,79500,39.63482237502467,1.824031141596823
RMPG,3,81000,81000,40.38687104196288,1.565423691739189
RMPG,3,82500,82500,41.137479459051974,1.3250318133360581
RMPG,3,84000,84000,41.884959959075786,1.2487623937023722
RMPG,3,85500,85500,42.622008125064895,1.1933801075933659
RMPG,3,87000,87000,43.35998241696507,1.023774688169431
RMPG,3,88500,88500,44.10324183397461,1.1893674829835743
RMPG,3,90000,90000,44.82340487500187,1.2271575307133658
RMPG,3,91500,91500,45.55838641698938,1.2177081630074396
RMPG,3,93000,93000,46.28369349997956,1.2274388904425542
RMPG,3,94500,94500,47.015992208966054,1.2986311992513226
RMPG,3,96000,96000,47.740634542074986,1.1712804629206461
RMPG,3,97500,97500,48.46479608397931,1.4483971541697485
RMPG,3,99000,99000,49.18583395902533,1.03607160348512
RMPG,3,100500,100500,49.907969334046356,1.031047208115694
RMPG,3,102000,102000,50.62193337501958,0.9038610364286663
RMPG,3,103500,103500,51.389967416995205,0.846074644447753
RMPG,3,105000,105000,52.14054504199885,0.8349421922852511
RMPG,3,106500,106500,52.87678645900451,0.8920041533347545
RMPG,3,108000,108000,53.624164875014685,0.7526843520443284
RMPG,3,109500,109500,54.35191087506246,0.7325730545202105
RMPG,3,111000,111000,55.09351108397823,0.9523866919190102
RMPG,3,112500,112500,55.79849537496921,0.8806667733115623
RMPG,3,114000,114000,56.50392229203135,0.8596113536589949
RMPG,3,115500,115500,57.22923041705508,0.8064619807455038
RMPG,3,117000,117000,57.950061584007926,0.9087467868875533
RMPG,3,118500,118500,58.674095042049885,0.8302365480667815
RMPG,3,120000,120000,59.3964512089733,0.837129955094887
RMPG,3,121500,121500,60.13857616705354,1.0759265960047935
RMPG,3,123000,123000,60.964699500007555,0.9397994355940499
RMPG,3,124500,124500,61.74731387500651,0.8653995809193326
RMPG,3,126000,126000,62.53331970900763,1.0059968754701618
RMPG,3,127500,127500,63.32237170904409,0.9436402477044479
RMPG,3,129000,129000,64.2594884170685,0.9523474827843619
RMPG,3,130500,130500,65.08998325001448,0.8020588904591934
RMPG,3,132000,132000,65.86187258397695,0.762936265435977
RMPG,3,133500,133500,66.6492149590049,0.7641597807218224
RMPG,3,135000,135000,67.80565783404745,0.8248556473052755
RMPG,3,136500,136500,68.86664508399554,0.7549015681734331
RMPG,3,138000,138000,69.7023665420711,0.7015675529519989
RMPG,3,139500,139500,70.46994412504137,0.6961334236147307
RMPG,3,141000,141000,71.20409545907751,0.699806909078417
RMPG,3,142500,142500,71.95927424996626,0.7900781447606912
RMPG,3,144000,144000,72.76489970902912,0.7987076122880834
RMPG,3,145500,145500,73.67448554199655,0.7454841422440921
RMPG,3,147000,147000,74.53747179196216,0.8382043120757947
RMPG,3,148500,148500,75.32858199998736,0.9713344793338796
RMPG,3,150000,150000,76.10604483401403,0.855918035457238
PPO,3,1,128,0.851076832972467,2.304115045608321
PPO,3,9,1152,1.9275432080030441,2.015150952514022
PPO,3,17,2176,2.97351170796901,2.05632601834939
PPO,3,25,3200,4.014082208042964,2.1135401177199484
PPO,3,33,4224,5.050653374986723,2.2397885408667833
PPO,3,41,5248,6.121896083001047,2.184536940547742
PPO,3,49,6272,7.352903750026599,2.099112764276901
PPO,3,57,7296,8.485242208000273,2.2160749747253945
PPO,3,65,8320,9.526502666063607,2.1538366832957334
PPO,3,73,9344,10.546449457993731,2.0958723983249543
PPO,3,81,10368,11.617422125069425,2.0482534098213394
PPO,3,89,11392,12.67730970797129,1.8431118447981303
PPO,3,97,12416,13.731281207990833,1.9772856433181993
PPO,3,105,13440,14.73950445803348,1.9854036714284446
PPO,3,113,14464,15.767459040973336,2.218217886489989
PPO,3,121,15488,16.80343312502373,2.2509884203130195
PPO,3,129,16512,17.824039082974195,2.2853043493365948
PPO,3,137,17536,18.83901804103516,2.08310781656155
PPO,3,145,18560,19.843237790977582,2.022827240756825
PPO,3,153,19584,20.851662790984847,2.088647694949233
PPO,3,161,20608,21.866959957988,2.073376486310159
PPO,3,169,21632,22.879063125001267,2.1255163686555165
PPO,3,177,22656,23.88807491597254,2.1711537717974463
PPO,3,185,23680,24.903783665969968,2.034575983435551
PPO,3,193,24704,25.92288270802237,1.9408008241624106
PPO,3,201,25728,26.939432458020747,1.7053069792029047
PPO,3,209,26752,27.9498857910512,1.4227320635710132
PPO,3,217,27776,28.96984999999404,1.3882401748987068
PPO,3,225,28800,29.990467833005823,1.3678259718906915
PPO,3,233,29824,31.058265791041777,1.3384203650615247
PPO,3,241,30848,32.17036095797084,1.311156669665713
PPO,3,249,31872,33.25016179098748,1.302942705375313
PPO,3,257,32896,34.43975770799443,1.187938543625064
PPO,3,265,33920,35.5206055410672,1.1781716984133999
PPO,3,273,34944,36.56408666598145,1.1756372737568048
PPO,3,281,35968,37.6087566659553,1.1166982214331425
PPO,3,289,36992,38.7601895830594,1.096253664773891
PPO,3,297,38016,40.07597929099575,1.1531386614909074
PPO,3,305,39040,41.222269457997754,0.9961076940052607
PPO,3,313,40064,42.314996790955774,0.9392245192059497
PPO,3,321,41088,43.7721995000029,1.0254267742428578
PPO,3,329,42112,45.56335216597654,1.0589514873073544
PPO,3,337,43136,46.77564250002615,1.1281324409665459
PPO,3,345,44160,48.27384612499736,1.0580908376838454
PPO,3,353,45184,49.964522833004594,0.9798199332774056
PPO,3,361,46208,51.3608350410359,0.9984966545377194
PPO,3,369,47232,52.412211082992144,1.0174647679851423
PPO,3,377,48256,53.51437474996783,1.011878975469304
PPO,3,385,49280,54.610353583004326,0.9849806523705894
PPO,3,393,50304,55.7132238750346,0.9994546631704957
PPO,3,401,51328,56.80158583295997,1.0408050378602498
PPO,3,409,52352,57.85367070802022,0.9806174735354041
PPO,3,417,53376,58.93010554101784,0.9305322058661338
PPO,3,425,54400,59.99649904097896,0.9352144563287254
PPO,3,433,55424,61.059581291046925,0.8726629750169526
PPO,3,441,56448,62.16506641602609,0.909920241819488
PPO,3,449,57472,63.29210866603535,0.9147279802558616
PPO,3,457,58496,64.44687416602392,0.9096023166723388
PPO,3,465,59520,65.60460366599727,0.8189096748447531
PPO,3,473,60544,66.80122029106133,0.802758067903962
PPO,3,481,61568,67.91213737498038,0.9061414068988101
PPO,3,489,62592,69.06175729096867,0.9070872551695845
PPO,3,497,63616,70.19410991598852,0.8624503454676061
PPO,3,505,64640,71.36433733301237,0.8655383441627198
PPO,3,513,65664,72.49830800003838,0.8464683115527016
PPO,3,521,66688,73.67000058304984,0.8779798875839024
PPO,3,529,67712,74.77087624999695,0.9046478651648509
PPO,3,537,68736,75.90319304098375,0.9872586461519921
PPO,3,545,69760,77.35127766605001,1.007126563616448
PPO,3,553,70784,78.495612040977,0.9438659520128372
PPO,3,561,71808,79.51717704103794,0.9037754749321878
PPO,3,569,72832,80.59771300002467,0.8864624084530638
PPO,3,577,73856,81.78568970796186,1.0114067264687523
PPO,3,585,74880,82.99378412496299,0.9106085553717769
PPO,3,593,75904,84.17536829097662,0.8953825526841221
PPO,3,601,76928,85.29488579102326,0.8954285822196508
PPO,3,609,77952,86.4210912080016,0.9609560224016251
PPO,3,617,78976,87.62616166600492,1.1494431238274112
PPO,3,625,80000,88.79048945801333,1.061530247781585
PPO,3,633,81024,89.84694733296055,1.1559290101942912
PPO,3,641,82048,90.9603031660663,1.4335138652109105
PPO,3,649,83072,92.17174925003201,1.3847779500643704
PPO,3,657,84096,93.3539103330113,1.3394811108665967
PPO,3,665,85120,94.43773875001352,1.2303080618584388
PPO,3,673,86144,95.67036683298647,1.3631526522524977
PPO,3,681,87168,97.01325008296408,1.4713636202075828
PPO,3,689,88192,98.20381458301563,1.3258435285442265
PPO,3,697,89216,99.37440520804375,1.2376306374461428
PPO,3,705,90240,100.59340583300218,1.2113187494624977
PPO,3,713,91264,101.719211208052,1.170166005790923
PPO,3,721,92288,102.78263841604348,1.1970455059207523
PPO,3,729,93312,103.8243617080152,1.1442276034767993
PPO,3,737,94336,104.88029750005808,1.1158437203793676
PPO,3,745,95360,106.00668195798062,1.144745710057017
PPO,3,753,96384,107.19471920805518,1.1696468000586098
PPO,3,761,97408,108.37780124996789,1.1600683916707024
PPO,3,769,98432,109.53436391602736,1.1469095010777304
PPO,3,777,99456,110.62721204105765,1.1342173247050775
PPO,3,785,100480,111.7009411250474,1.0508638052793853
PPO,3,793,101504,112.80547616595868,1.030571766534973
PPO,3,801,102528,113.89752829098143,1.145638006662359
PPO,3,809,103552,114.99701820802875,1.2736235057433132
PPO,3,817,104576,116.14658179099206,1.6161007414052877
PPO,3,825,105600,117.30592591606546,1.5434494023183576
PPO,3,833,106624,118.55939216597471,1.412003747968488
PPO,3,841,107648,119.63984112499747,1.174135289183238
PPO,3,849,108672,120.6878690830199,1.305452207492701
PPO,3,857,109696,121.74888770806137,1.1980001462533152
PPO,3,865,110720,123.0797180000227,1.2381866293956438
PPO,3,873,111744,124.41741645801812,1.1325845531642496
PPO,3,881,112768,125.67401687498204,1.134827552129896
PPO,3,889,113792,126.88311345805414,1.055553203395545
PPO,3,897,114816,128.02786404103972,1.0781868239527914
PPO,3,905,115840,129.14211229106877,1.076598084348054
PPO,3,913,116864,130.29716966603883,1.0957901951621074
PPO,3,921,117888,131.4245541660348,1.084037223777639
PPO,3,929,118912,132.53327941603493,0.9446533414003224
PPO,3,937,119936,133.68396995798685,0.9513545143612345
DeepCFR,4,1,80,0.2069582080002874,4.041663797682834
DeepCFR,4,2,160,0.39230637496802956,4.041663797682834
DeepCFR,4,3,240,0.5876497499411926,4.041663797682834
DeepCFR,4,4,320,0.7690405829343945,4.041663797682834
DeepCFR,4,5,400,1.322064874926582,2.8072694805949565
DeepCFR,4,6,480,1.8911780830239877,2.4038453881579884
DeepCFR,4,7,560,2.444853457971476,2.117723500646782
DeepCFR,4,8,640,2.998713415930979,2.9525933293760946
DeepCFR,4,9,720,3.528359374962747,2.7718607984254113
DeepCFR,4,10,800,4.065860915929079,2.5989109112095274
DeepCFR,4,11,880,4.602830499992706,2.5322424755356705
DeepCFR,4,12,960,5.46349662495777,2.612042746909485
DeepCFR,4,13,1040,6.3421147499466315,2.854600444007468
DeepCFR,4,14,1120,7.281239207950421,3.107697145123158
DeepCFR,4,15,1200,8.25121445802506,2.8802088433291617
DeepCFR,4,16,1280,9.151640165946446,2.7840628614128264
DeepCFR,4,17,1360,10.389576041023247,2.6601808157648135
DeepCFR,4,18,1440,11.715324165998027,2.440201290380667
DeepCFR,4,19,1520,13.054990415927023,2.359457996078745
DeepCFR,4,20,1600,14.39585949992761,2.2170624730896096
DeepCFR,4,21,1680,15.850686250021681,1.9540414086048012
DeepCFR,4,22,1760,17.212910249945708,1.9176155025867074
DeepCFR,4,23,1840,18.480143458000384,1.7772081854858532
DeepCFR,4,24,1920,19.67593470797874,1.818117670290277
DeepCFR,4,25,2000,20.99386704096105,1.6301809739169602
DeepCFR,4,26,2080,22.38012716593221,1.608276078772986
DeepCFR,4,27,2160,23.68030699994415,1.5442103288811913
DeepCFR,4,28,2240,24.90963816596195,1.478536351751186
DeepCFR,4,29,2320,26.239406332955696,1.433278442980753
DeepCFR,4,30,2400,27.570291082956828,1.3867035051352148
DeepCFR,4,31,2480,28.939914208021946,1.3588218913748378
DeepCFR,4,32,2560,30.19532595796045,1.3242758447731597
DeepCFR,4,33,2640,31.582308750017546,1.251910082985282
DeepCFR,4,34,2720,33.3842093750136,1.2444554347369254
DeepCFR,4,35,2800,34.65260158292949,1.1861867922011475
DeepCFR,4,36,2880,35.83193854102865,1.1565446508913926
DeepCFR,4,37,2960,37.124975249986164,1.1060479168856356
DeepCFR,4,38,3040,38.61178866599221,1.0976298100875177
DeepCFR,4,39,3120,40.04407375003211,1.0487543878464622
DeepCFR,4,40,3200,41.3550726659596,1.0276242734532104
DeepCFR,4,41,3280,42.64600716601126,0.9714120311480678
DeepCFR,4,42,3360,43.958677874994464,0.970053653304896
DeepCFR,4,43,3440,45.40370029094629,0.9306092799088379
DeepCFR,4,44,3520,47.292189250001684,0.8979864791968937
DeepCFR,4,45,3600,48.73928108299151,0.8995170722524161
DeepCFR,4,46,3680,50.01771637494676,0.8416914896923486
DeepCFR,4,47,3760,51.389077625004575,0.8079437092409973
DeepCFR,4,48,3840,52.79146604100242,0.7976097242577007
DeepCFR,4,49,3920,54.17568412492983,0.8017092810376236
DeepCFR,4,50,4000,55.74383166595362,0.7250384232804419
DeepCFR,4,51,4080,57.50433358293958,0.7227374651892401
DeepCFR,4,52,4160,59.345427082967944,0.6764399399296392
DeepCFR,4,53,4240,60.83186749997549,0.6749210696215864
DeepCFR,4,54,4320,62.2747565000318,0.6928837016213009
DeepCFR,4,55,4400,63.91597608302254,0.6662839216063614
DeepCFR,4,56,4480,65.41093995794654,0.6582977262592946
DeepCFR,4,57,4560,66.86153270793147,0.6328282542076156
DeepCFR,4,58,4640,68.41800229100045,0.6325390074976769
DeepCFR,4,59,4720,70.12147866596933,0.5982672381229359
DeepCFR,4,60,4800,71.64324304100592,0.6037028427495665
DeepCFR,4,61,4880,73.16444087494165,0.5834432641781769
DeepCFR,4,62,4960,74.66709925001487,0.5622611816409968
DeepCFR,4,63,5040,76.22562575002667,0.5598454213275523
DeepCFR,4,64,5120,77.74821824999526,0.5360893932299531
DeepCFR,4,65,5200,79.17446004098747,0.5419714210347587
DeepCFR,4,66,5280,80.67689358303323,0.5265404431802927
DeepCFR,4,67,5360,82.2301839159336,0.5069007167319509
DeepCFR,4,68,5440,84.57404337497428,0.5187887242672045
DeepCFR,4,69,5520,86.54222504096106,0.498349189141582
DeepCFR,4,70,5600,88.4173907910008,0.4868643739926265
DeepCFR,4,71,5680,89.88184429099783,0.4810026187069041
DeepCFR,4,72,5760,91.20849283295684,0.4593857147258043
DeepCFR,4,73,5840,92.54397999995854,0.4762900188925457
DeepCFR,4,74,5920,93.91247220803052,0.44565502203669455
DeepCFR,4,75,6000,95.29296745802276,0.440919942180401
DeepCFR,4,76,6080,96.69159762503114,0.4605939213238611
DeepCFR,4,77,6160,98.10525366594084,0.48060848534005585
DeepCFR,4,78,6240,99.56047283299267,0.4360827509654394
DeepCFR,4,79,6320,100.95953837502748,0.45760447127760934
DeepCFR,4,80,6400,102.34049320803024,0.4528189823627786
NFSP,4,1500,1500,0.7764537091134116,2.166543960571289
NFSP,4,3000,3000,1.5227666250430048,2.166543960571289
NFSP,4,4500,4500,2.2791618750197813,2.303590774536133
NFSP,4,6000,6000,3.057774209068157,2.7406132221221924
NFSP,4,7500,7500,3.8734522090526298,3.1557087898254395
NFSP,4,9000,9000,4.735626500099897,3.078561782836914
NFSP,4,10500,10500,5.625891084084287,3.026879072189331
NFSP,4,12000,12000,6.548366667004302,2.9000563621520996
NFSP,4,13500,13500,7.473574667004868,2.774020195007324
NFSP,4,15000,15000,8.441271625109948,2.6476986408233643
NFSP,4,16500,16500,9.41816987504717,2.59669828414917
NFSP,4,18000,18000,10.40318866702728,2.565473794937134
NFSP,4,19500,19500,11.388799875043333,2.5356831550598145
NFSP,4,21000,21000,12.365019834018312,2.5046660900115967
NFSP,4,22500,22500,13.34869025007356,2.4799625873565674
NFSP,4,24000,24000,14.34022770903539,2.4496493339538574
NFSP,4,25500,25500,15.3480929590296,2.426001787185669
NFSP,4,27000,27000,16.35991533403285,2.401557445526123
NFSP,4,28500,28500,17.360544584109448,2.3778836727142334
NFSP,4,30000,30000,18.375486625009216,2.3643527030944824
NFSP,4,31500,31500,19.409191792015918,2.3417601585388184
NFSP,4,33000,33000,20.45906758401543,2.3266642093658447
NFSP,4,34500,34500,21.471669292077422,2.31003999710083
NFSP,4,36000,36000,22.493115000077523,2.2959821224212646
NFSP,4,37500,37500,23.498935334035195,2.2870562076568604
NFSP,4,39000,39000,24.491253917105496,2.2737064361572266
NFSP,4,40500,40500,25.50227379205171,2.2636642456054688
NFSP,4,42000,42000,26.510648959083483,2.254159927368164
NFSP,4,43500,43500,27.541618542047217,2.249387264251709
NFSP,4,45000,45000,28.570105125079863,2.2524590492248535
NFSP,4,46500,46500,29.607042125076987,2.2428932189941406
NFSP,4,48000,48000,30.641518375021406,2.23262095451355
NFSP,4,49500,49500,31.676002750056796,2.222754955291748
NFSP,4,51000,51000,32.71223304211162,2.2183122634887695
NFSP,4,52500,52500,33.75763170910068,2.214662790298462
NFSP,4,54000,54000,34.80230516707525,2.2059388160705566
NFSP,4,55500,55500,35.876400000066496,2.202869415283203
NFSP,4,57000,57000,36.96309104200918,2.1994755268096924
NFSP,4,58500,58500,38.00722683407366,2.192793846130371
NFSP,4,60000,60000,39.0767938750796,2.1905903816223145
NFSP,4,61500,61500,40.16100762505084,2.1861326694488525
NFSP,4,63000,63000,41.234145209076814,2.181994915008545
NFSP,4,64500,64500,42.29286675003823,2.1828503608703613
NFSP,4,66000,66000,43.33970550005324,2.1829519271850586
NFSP,4,67500,67500,44.38169041706715,2.1731157302856445
NFSP,4,69000,69000,45.41304779204074,2.170743942260742
NFSP,4,70500,70500,46.45565375010483,2.1542558670043945
NFSP,4,72000,72000,47.48787416703999,2.1569664478302
NFSP,4,73500,73500,48.54131916700862,2.151376247406006
NFSP,4,75000,75000,49.57623308408074,2.1449124813079834
NFSP,4,76500,76500,50.61668462504167,2.1396470069885254
NFSP,4,78000,78000,51.658658917061985,2.130840301513672
NFSP,4,79500,79500,52.713415000005625,2.123727798461914
NFSP,4,81000,81000,53.76168920903001,2.1130714416503906
NFSP,4,82500,82500,54.79724054201506,2.106074810028076
NFSP,4,84000,84000,55.84571445907932,2.095949649810791
NFSP,4,85500,85500,56.904009417048655,2.0875844955444336
NFSP,4,87000,87000,57.95185516704805,2.0856714248657227
NFSP,4,88500,88500,59.00270950002596,2.0790419578552246
NFSP,4,90000,90000,60.0555372920353,2.0674033164978027
NFSP,4,91500,91500,61.1105385000119,2.055910110473633
NFSP,4,93000,93000,62.16419341706205,2.040347099304199
NFSP,4,94500,94500,63.23417854204308,2.039825916290283
NFSP,4,96000,96000,64.29647000005934,2.0310616493225098
NFSP,4,97500,97500,65.34467720903922,2.026358127593994
NFSP,4,99000,99000,66.39250462502241,2.0224924087524414
NFSP,4,100500,100500,67.44350641709752,2.0065016746520996
NFSP,4,102000,102000,68.50614454201423,2.0064377784729004
NFSP,4,103500,103500,69.55063525005244,1.994816541671753
NFSP,4,105000,105000,70.59626566700172,1.9974074363708496
NFSP,4,106500,106500,71.65235754207242,1.9866251945495605
NFSP,4,108000,108000,72.69915683404543,1.9825317859649658
NFSP,4,109500,109500,73.74664425000083,1.9667329788208008
NFSP,4,111000,111000,74.79902304208372,1.9623913764953613
NFSP,4,112500,112500,75.85538595903199,1.9624741077423096
NFSP,4,114000,114000,76.9053391671041,1.9469246864318848
NFSP,4,115500,115500,77.95898529200349,1.9580953121185303
NFSP,4,117000,117000,79.01191708410624,1.9572985172271729
NFSP,4,118500,118500,80.07029500009958,1.9502136707305908
NFSP,4,120000,120000,81.14427200006321,1.9403663873672485
NFSP,4,121500,121500,82.18613050004933,1.9386252164840698
NFSP,4,123000,123000,83.28667925007176,1.9200786352157593
NFSP,4,124500,124500,84.37763333402108,1.9318114519119263
NFSP,4,126000,126000,85.43207879201509,1.9321808815002441
NFSP,4,127500,127500,86.47209258400835,1.917741060256958
NFSP,4,129000,129000,87.53122225007974,1.9185233116149902
NFSP,4,130500,130500,88.61054579203483,1.9093183279037476
NFSP,4,132000,132000,89.69550287502352,1.9129862785339355
NFSP,4,133500,133500,90.78534462500829,1.9101418256759644
NFSP,4,135000,135000,91.87119016703218,1.9042613506317139
NFSP,4,136500,136500,92.94570229202509,1.8998925685882568
NFSP,4,138000,138000,94.0283926250413,1.8855756521224976
NFSP,4,139500,139500,95.1169833750464,1.8869956731796265
NFSP,4,141000,141000,96.19077200000174,1.8845564126968384
NFSP,4,142500,142500,97.27206508407835,1.8690261840820312
NFSP,4,144000,144000,98.35399479209445,1.866679310798645
NFSP,4,145500,145500,99.44415804208256,1.8644194602966309
NFSP,4,147000,147000,100.53927254211158,1.8548800945281982
NFSP,4,148500,148500,101.62515441700816,1.8502942323684692
NFSP,4,150000,150000,102.7031205840176,1.8417106866836548
RMPG,4,1500,1500,0.6538335829973221,1.9390585325544003
RMPG,4,3000,3000,1.3186254169559106,1.9506202570449624
RMPG,4,4500,4500,1.985326875001192,1.9395707095536507
RMPG,4,6000,6000,2.6467411250341684,1.8392334618065465
RMPG,4,7500,7500,3.3117783749476075,1.9523311901036315
RMPG,4,9000,9000,3.976758582983166,1.8485783268150886
RMPG,4,10500,10500,4.639196250005625,1.9671774284920613
RMPG,4,12000,12000,5.30706529202871,2.020659604315673
RMPG,4,13500,13500,5.973116582958028,1.8841005082528481
RMPG,4,15000,15000,6.638335749972612,2.0028115366936428
RMPG,4,16500,16500,7.307148250052705,1.9065573650883874
RMPG,4,18000,18000,7.970552416983992,1.821986285581838
RMPG,4,19500,19500,8.641157499980181,1.923084654884782
RMPG,4,21000,21000,9.312293666996993,1.85286340078367
RMPG,4,22500,22500,9.985913999960758,1.9288042439669197
RMPG,4,24000,24000,10.654951874981634,1.8215417838308054
RMPG,4,25500,25500,11.324743333039805,1.6891287218912048
RMPG,4,27000,27000,12.006581041961908,1.6394431683999797
RMPG,4,28500,28500,12.669179082964547,1.5126429819021534
RMPG,4,30000,30000,13.357568667037413,1.4987265618950665
RMPG,4,31500,31500,14.040351666975766,1.6415929895709782
RMPG,4,33000,33000,14.70828345802147,1.7639949599862224
RMPG,4,34500,34500,15.365044999984093,1.8118931611756293
RMPG,4,36000,36000,16.01934674999211,1.8183691792477505
RMPG,4,37500,37500,16.667919917032123,1.6385116740386532
RMPG,4,39000,39000,17.339698416995816,1.7633456528669436
RMPG,4,40500,40500,18.007192624965683,1.6803637662294406
RMPG,4,42000,42000,18.6686490830034,1.6153806768828955
RMPG,4,43500,43500,19.33298475004267,1.5270317007606367
RMPG,4,45000,45000,20.006870249984786,1.5258842870102378
RMPG,4,46500,46500,20.666227792040445,1.4461246455395882
RMPG,4,48000,48000,21.32273845805321,1.4524508992501373
RMPG,4,49500,49500,21.970336416969076,1.329984976637066
RMPG,4,51000,51000,22.613583958009258,1.2839705377391653
RMPG,4,52500,52500,23.262121042003855,1.3437686832374611
RMPG,4,54000,54000,23.920031292014755,1.3171083236469414
RMPG,4,55500,55500,24.57184208300896,1.2267947362380445
RMPG,4,57000,57000,25.223813457996584,1.3509493642968309
RMPG,4,58500,58500,25.87854783295188,1.3854376540993096
RMPG,4,60000,60000,26.522981542046182,1.5047385806362141
RMPG,4,61500,61500,27.170542208012193,1.662292007875789
RMPG,4,63000,63000,27.822545791976154,1.3803510097402576
RMPG,4,64500,64500,28.47350674995687,1.4257249623370782
RMPG,4,66000,66000,29.13298583298456,1.4195141188649039
RMPG,4,67500,67500,29.78941812494304,1.3012640034417964
RMPG,4,69000,69000,30.449719583033584,1.1241957004581251
RMPG,4,70500,70500,31.11397541698534,1.2054521268269314
RMPG,4,72000,72000,31.77916933305096,1.0593151980253668
RMPG,4,73500,73500,32.44327833305579,1.0867988687648307
RMPG,4,75000,75000,33.12250891700387,1.157208149548937
RMPG,4,76500,76500,33.79357700003311,1.1251648338375702
RMPG,4,78000,78000,34.46429920801893,1.1513250443241494
RMPG,4,79500,79500,35.1437900000019,1.127581770692476
RMPG,4,81000,81000,35.82556637504604,1.0785317002017196
RMPG,4,82500,82500,36.51577354199253,1.0730865767595292
RMPG,4,84000,84000,37.20673874998465,1.0718480117933378
RMPG,4,85500,85500,37.89213795796968,1.0068072352032664
RMPG,4,87000,87000,38.60564266704023,1.1072651297882334
RMPG,4,88500,88500,39.29933216702193,1.2088767746168492
RMPG,4,90000,90000,39.98414924996905,1.0321557881659407
RMPG,4,91500,91500,40.68175479199272,1.0440709398446013
RMPG,4,93000,93000,41.37756199995056,1.0212778404318799
RMPG,4,94500,94500,42.075849832966924,1.217059023210433
RMPG,4,96000,96000,42.77315699995961,1.109568999581732
RMPG,4,97500,97500,43.48256349994335,1.1835879849335984
RMPG,4,99000,99000,44.17626483296044,1.0578538656207332
RMPG,4,100500,100500,44.85944637504872,1.298893359427821
RMPG,4,102000,102000,45.55143554194365,1.338842796948052
RMPG,4,103500,103500,46.23341700003948,1.4652114067113655
RMPG,4,105000,105000,46.928414041991346,1.281408892032034
RMPG,4,106500,106500,47.61547454202082,1.4012453935079114
RMPG,4,108000,108000,48.31023937498685,1.5255245930424983
RMPG,4,109500,109500,49.01007958303671,1.423565875011247
RMPG,4,111000,111000,49.721663458039984,1.2820141585481286
RMPG,4,112500,112500,50.43058729195036,1.191182120864409
RMPG,4,114000,114000,51.142459957976826,1.0258644038023101
RMPG,4,115500,115500,51.85074654198252,1.0458767119312593
RMPG,4,117000,117000,52.54703020805027,1.1744664262735212
RMPG,4,118500,118500,53.26562095794361,1.4449888256863477
RMPG,4,120000,120000,53.98068579204846,1.2627673330528195
RMPG,4,121500,121500,54.691732957959175,1.3495654883712422
RMPG,4,123000,123000,55.39130949997343,1.2837910928228196
RMPG,4,124500,124500,56.11338350002188,1.4088271131629213
RMPG,4,126000,126000,56.84265087498352,1.4971603547095629
RMPG,4,127500,127500,57.565949041978456,1.6342486064929698
RMPG,4,129000,129000,58.275052792043425,1.7033130840405546
RMPG,4,130500,130500,58.965103375026956,1.5984186663598714
RMPG,4,132000,132000,59.660653791972436,1.9028283302601405
RMPG,4,133500,133500,60.339213583036326,1.8963482116206691
RMPG,4,135000,135000,61.02711525000632,2.0306154316174396
RMPG,4,136500,136500,61.71416874998249,2.112229516824015
RMPG,4,138000,138000,62.416428124997765,2.009932703986991
RMPG,4,139500,139500,63.11738491698634,2.276049304222072
RMPG,4,141000,141000,63.83215508295689,2.3869136944034244
RMPG,4,142500,142500,64.49607391702011,2.340447760904653
RMPG,4,144000,144000,65.16725283302367,2.6827529926804985
RMPG,4,145500,145500,65.80833925004117,2.5950598627195345
RMPG,4,147000,147000,66.43376362498384,2.6513065545709162
RMPG,4,148500,148500,67.0695103330072,2.655881912782756
RMPG,4,150000,150000,67.71494770795107,2.831107579472584
PPO,4,1,128,0.8143532499670982,2.375796890699016
PPO,4,9,1152,1.829538582940586,2.215256157167219
PPO,4,17,2176,2.8021530410042033,1.9617979157517351
PPO,4,25,3200,3.7862375830300152,2.088277167246452
PPO,4,33,4224,4.773088874993846,2.0965119143987803
PPO,4,41,5248,5.76935954100918,1.9691934097571684
PPO,4,49,6272,6.756813082960434,1.9463530835063678
PPO,4,57,7296,7.742969707935117,1.9647879097720033
PPO,4,65,8320,8.731880540959537,1.950651820630184
PPO,4,73,9344,9.728190875030123,1.8681974315098286
PPO,4,81,10368,10.714225208037533,1.9349160561473453
PPO,4,89,11392,11.704581832978874,1.9702960225912913
PPO,4,97,12416,12.700299457996152,1.9938102526972763
PPO,4,105,13440,13.693000708008185,2.0418911835607223
PPO,4,113,14464,14.683760207961313,1.6275942894588105
PPO,4,121,15488,15.67651079094503,1.611338398820822
PPO,4,129,16512,16.676650665933266,1.6182063164142253
PPO,4,137,17536,17.678097457974218,1.8103268147589433
PPO,4,145,18560,18.673160415957682,1.8798812212465812
PPO,4,153,19584,19.673203540965915,2.0057992960081834
PPO,4,161,20608,20.66319004097022,1.9363660906932567
PPO,4,169,21632,21.66071774996817,1.9121970663590924
PPO,4,177,22656,22.676341915968806,1.8555718274697064
PPO,4,185,23680,23.700199333019555,1.8000847142575451
PPO,4,193,24704,24.716738916002214,1.8187129172356173
PPO,4,201,25728,25.73297337500844,1.7997788562064887
PPO,4,209,26752,26.74135283299256,1.8591310829342138
PPO,4,217,27776,27.742532375035807,1.948260807354476
PPO,4,225,28800,28.750334999989718,1.92829758441238
PPO,4,233,29824,29.759824124979787,1.7906255611853816
PPO,4,241,30848,30.771480708033778,1.8437500286450668
PPO,4,249,31872,31.80190349998884,1.8151887466815146
PPO,4,257,32896,32.82747941603884,1.7487158946408532
PPO,4,265,33920,33.84219629096333,1.7805344581092273
PPO,4,273,34944,34.856905916007236,1.9118200674587942
PPO,4,281,35968,35.87219637504313,1.8444230767118992
PPO,4,289,36992,36.885182708036155,1.6556335924225034
PPO,4,297,38016,37.90347645804286,1.5782181571353926
PPO,4,305,39040,38.92151991603896,1.6945973105761283
PPO,4,313,40064,39.94149520795327,1.7454702788791607
PPO,4,321,41088,40.958585374988616,1.6781436927676028
PPO,4,329,42112,42.016090790973976,1.5567494681022738
PPO,4,337,43136,43.07057437498588,1.4122168756402125
PPO,4,345,44160,44.13453845796175,1.3293498199037737
PPO,4,353,45184,45.197213875013404,1.6115381679329213
PPO,4,361,46208,46.20459270803258,1.577104425295912
PPO,4,369,47232,47.200179790961556,1.6631338930330744
PPO,4,377,48256,48.20152708294336,1.7580495995814789
PPO,4,385,49280,49.25110187497921,1.6026073719274796
PPO,4,393,50304,50.28196183301043,1.3783524723735416
PPO,4,401,51328,51.29183799994644,1.391659291354884
PPO,4,409,52352,52.29512716596946,1.4431228464054633
PPO,4,417,53376,53.30522337497678,1.456699190097678
PPO,4,425,54400,54.31783087493386,1.6267149432600712
PPO,4,433,55424,55.32331387500744,1.511383353833708
PPO,4,441,56448,56.32997887500096,1.3276281818696933
PPO,4,449,57472,57.334579374990426,1.1794362428646807
PPO,4,457,58496,58.35051666595973,1.2871140801167504
PPO,4,465,59520,59.355506082996726,1.2320475751572426
PPO,4,473,60544,60.387390041025355,1.1538929417995405
PPO,4,481,61568,61.42181866604369,1.204282941143782
PPO,4,489,62592,62.427866250043735,1.1428112417385305
PPO,4,497,63616,63.430210707942024,0.8434835729283378
PPO,4,505,64640,64.44398662494496,0.7310806530187071
PPO,4,513,65664,65.47952062496915,0.6447816550442822
PPO,4,521,66688,66.52105691598263,0.6125985215305874
PPO,4,529,67712,67.55954937497154,0.6399456237420903
PPO,4,537,68736,68.62994912499562,0.6468507129846375
PPO,4,545,69760,69.6848690409679,0.6756711916137303
PPO,4,553,70784,70.71274066600017,1.0138114178471442
PPO,4,561,71808,71.73987962503452,1.1112879638240876
PPO,4,569,72832,72.76551783294417,0.9625653816777988
PPO,4,577,73856,73.79650320799556,1.0379225656048965
PPO,4,585,74880,74.82403400004841,0.9853982693104815
PPO,4,593,75904,75.85314912500326,1.019884003924815
PPO,4,601,76928,76.87768516596407,1.2728961814969562
PPO,4,609,77952,77.90789649996441,1.5297103168331163
PPO,4,617,78976,78.9290546659613,1.3586181170465714
PPO,4,625,80000,79.94956520793494,1.2210023982975031
PPO,4,633,81024,80.97705154097639,1.2491367626613905
PPO,4,641,82048,82.01744112500455,1.5413727258867453
PPO,4,649,83072,83.05078883294482,1.4120501408318953
PPO,4,657,84096,84.09354845795315,1.6641012671769357
PPO,4,665,85120,85.16546345804818,1.8309946122952512
PPO,4,673,86144,86.2208913329523,1.6927802637233569
PPO,4,681,87168,87.26476295804605,1.5884214689834655
PPO,4,689,88192,88.29629574995488,1.4743897444570315
PPO,4,697,89216,89.32882945798337,1.489335998453924
PPO,4,705,90240,90.37093758303672,1.2220291565670318
PPO,4,713,91264,91.41254658298567,1.1820475117977858
PPO,4,721,92288,92.49002395803109,0.9737068181986892
PPO,4,729,93312,93.57629137497861,1.18233166164871
PPO,4,737,94336,94.6335000830004,1.4559525099625805
PPO,4,745,95360,95.68454912502784,1.6430187880639386
PPO,4,753,96384,96.73017016600352,1.4283793636879543
PPO,4,761,97408,97.77436962502543,1.3973519747385346
PPO,4,769,98432,98.83028741599992,1.1769186137162668
PPO,4,777,99456,99.89697954093572,0.8728917985702079
PPO,4,785,100480,100.9619089999469,0.7894142261257678
PPO,4,793,101504,102.0221059579635,0.6383235560891429
PPO,4,801,102528,103.08434266597033,0.6712704044328024
PPO,4,809,103552,104.14213708299212,0.7922836952538012
PPO,4,817,104576,105.21056191599928,0.7594262178460169
PPO,4,825,105600,106.26435883296654,0.8255535602998356
PPO,4,833,106624,107.31474291603081,0.9770851530924345
PPO,4,841,107648,108.3833339579869,0.7505009371429744
PPO,4,849,108672,109.45532183302566,0.8114518786359657
PPO,4,857,109696,110.56297858303878,0.838738848331839
PPO,4,865,110720,111.61509870795999,0.91254427967312
PPO,4,873,111744,112.68769683304708,0.7570843514633874
PPO,4,881,112768,113.75961633294355,0.6535388469348267
PPO,4,889,113792,114.82893049996346,0.6425842797711765
PPO,4,897,114816,115.89180770795792,0.8903052288947435
PPO,4,905,115840,116.95164724998176,0.9245493344940368
PPO,4,913,116864,118.00303241598886,0.9209921855637041
PPO,4,921,117888,119.26646670803893,0.7789341308829981
PPO,4,929,118912,121.1965831250418,0.6256432402424233
PPO,4,937,119936,122.2441345830448,0.6136332325259648
